ctime,schemaname,relname,seq_scan,seq_tup_read,idx_scan,idx_tup_fetch,n_tup_ins,n_tup_upd,n_tup_del,n_tup_hot_upd,n_live_tup,n_dead_tup,heap_blks_read,heap_blks_hit,idx_blks_read,idx_blks_hit,toast_blks_read,toast_blks_hit,tidx_blks_read,tidx_blks_hit
1415218469.03364,pg_catalog,pg_auth_members,0,0,0,0,0,0,0,0,0,0,0,0,0,0,,,,
1415218469.03364,pg_catalog,pg_operator,0,0,33882,168174,0,0,0,0,0,0,395,118667,363,74040,,,,
1415218469.03364,pg_catalog,pg_aggregate,0,0,2318,2318,0,0,0,0,0,0,58,2260,149,3903,,,,
1415218469.03364,pg_catalog,pg_pltemplate,0,0,0,0,0,0,0,0,0,0,0,0,0,0,,,,
1415218469.03364,pg_toast,pg_toast_11615,0,0,0,0,0,0,0,0,0,0,0,0,0,0,,,,
1415218469.03364,pg_catalog,pg_description,0,0,566,0,0,0,0,0,0,0,0,0,178,1083,0,0,0,0
1415218469.03364,pg_catalog,pg_language,0,0,0,0,0,0,0,0,0,0,0,0,0,0,,,,
1415218469.03364,pg_catalog,pg_ts_parser,0,0,0,0,0,0,0,0,0,0,0,0,0,0,,,,
1415218469.03364,pg_catalog,pg_shseclabel,0,0,0,0,0,0,0,0,0,0,0,0,0,0,,,,
1415218469.03364,pg_catalog,pg_foreign_table,0,0,0,0,0,0,0,0,0,0,0,0,0,0,,,,
1415218469.03364,pg_toast,pg_toast_11620,0,0,0,0,0,0,0,0,0,0,0,0,0,0,,,,
1415218469.03364,pg_catalog,pg_attrdef,0,0,0,0,0,0,0,0,0,0,0,0,0,0,0,0,0,0
1415218469.03364,pg_catalog,pg_ts_template,0,0,0,0,0,0,0,0,0,0,0,0,0,0,,,,
1415218469.03364,pg_catalog,pg_foreign_server,0,0,0,0,0,0,0,0,0,0,0,0,0,0,,,,
1415218469.03364,pg_catalog,pg_default_acl,0,0,556,0,0,0,0,0,0,0,0,0,58,498,,,,
1415218469.03364,pg_toast,pg_toast_11595,0,0,0,0,0,0,0,0,0,0,0,0,0,0,,,,
1415218469.03364,information_schema,sql_packages,0,0,,,0,0,0,0,0,0,0,0,,,0,0,0,0
1415218469.03364,public,part,9,12000000,26,26,2000000,0,0,0,2000000,0,79007,327741,6,80,,,,
1415218469.03364,public,nation,10,50,42,42,25,0,0,0,25,0,1,45,2,49,,,,
1415218469.03364,pg_catalog,pg_attribute,374,2482,93048,206067,968,30,790,16,2425,326,1583,103540,484,194535,,,,
1415218469.03364,public,orders,10,60000000,30,30,15000000,0,0,0,15000000,0,504554,1558810,6,94,,,,
1415218469.03364,pg_catalog,pg_statistic,0,0,25036,23862,231,535,168,304,447,56,1445,24405,181,54145,4521,23984,73,20702
1415218469.03364,pg_toast,pg_toast_2618,0,0,528,1712,0,0,0,0,0,0,344,576,122,678,,,,
1415218469.03364,pg_toast,pg_toast_3596,0,0,0,0,0,0,0,0,0,0,0,0,0,0,,,,
1415218469.03364,information_schema,sql_features,0,0,,,0,0,0,0,0,0,0,0,,,0,0,0,0
1415218469.03364,pg_catalog,pg_depend,0,0,5632,6020,1071,0,981,0,6294,982,741,6780,1393,14693,,,,
1415218469.03364,public,partsupp,4,24000000,40,40,8000000,0,0,0,8000000,0,340611,954549,12,115,,,,
1415218469.03364,pg_toast,pg_toast_11605,0,0,0,0,0,0,0,0,0,0,0,0,0,0,,,,
1415218469.03364,pg_catalog,pg_opclass,68,68,26703,288467,0,0,0,0,0,0,39,102633,147,33116,,,,
1415218469.03364,pg_catalog,pg_proc,0,0,40560,60044,0,0,0,0,0,0,2625,42437,986,89550,0,0,0,0
1415218469.03364,pg_catalog,pg_trigger,0,0,0,0,0,0,0,0,0,0,0,0,0,0,0,0,0,0
1415218469.03364,information_schema,sql_languages,0,0,,,0,0,0,0,0,0,0,0,,,0,0,0,0
1415218469.03364,pg_catalog,pg_am,4718,4718,0,0,0,0,0,0,0,0,17,4701,0,0,,,,
1415218469.03364,pg_catalog,pg_largeobject_metadata,0,0,0,0,0,0,0,0,0,0,0,0,0,0,,,,
1415218469.03364,pg_catalog,pg_ts_config_map,0,0,0,0,0,0,0,0,0,0,0,0,0,0,,,,
1415218469.03364,pg_catalog,pg_type,0,0,101345,100330,275,0,256,0,349,2,395,101009,649,187693,,,,
1415218469.03364,information_schema,sql_sizing_profiles,0,0,,,0,0,0,0,0,0,0,0,,,0,0,0,0
1415218469.03364,pg_catalog,pg_shdepend,0,0,717,150,0,0,0,0,0,0,63,87,251,736,,,,
1415218469.03364,pg_catalog,pg_conversion,0,0,0,0,0,0,0,0,0,0,0,0,0,0,,,,
1415218469.03364,pg_catalog,pg_foreign_data_wrapper,0,0,0,0,0,0,0,0,0,0,0,0,0,0,,,,
1415218469.03364,pg_catalog,pg_opfamily,0,0,0,0,0,0,0,0,0,0,0,0,0,0,,,,
1415218469.03364,pg_catalog,pg_shdescription,0,0,0,0,0,0,0,0,0,0,0,0,0,0,0,0,0,0
1415218469.03364,pg_catalog,pg_tablespace,2,4,3241,3241,0,0,0,0,0,0,22,3221,44,6438,,,,
1415218469.03364,pg_catalog,pg_inherits,0,0,129,0,0,0,0,0,0,0,0,0,64,65,,,,
1415218469.03364,public,supplier,8,400000,40,40,100000,0,0,0,100000,0,2312,15688,4,83,,,,
1415218469.03364,pg_toast,pg_toast_2606,0,0,0,0,0,0,0,0,0,0,0,0,0,0,,,,
1415218469.03364,pg_toast,pg_toast_2964,0,0,0,0,0,0,0,0,0,0,0,0,0,0,,,,
1415218469.03364,pg_catalog,pg_database,397,1519,16121,16119,1,0,0,0,1,0,5,16512,68,25516,,,,
1415218469.03364,pg_toast,pg_toast_2620,0,0,0,0,0,0,0,0,0,0,0,0,0,0,,,,
1415218469.03364,information_schema,sql_sizing,0,0,,,0,0,0,0,0,0,0,0,,,0,0,0,0
1415218469.03364,pg_catalog,pg_amproc,68,136,19597,29143,0,0,0,0,0,0,59,19167,51,43741,,,,
1415218469.03364,pg_catalog,pg_collation,0,0,0,0,0,0,0,0,0,0,0,0,0,0,,,,
1415218469.03364,pg_catalog,pg_constraint,0,0,40,16,24,0,16,0,8,16,13,116,24,224,0,0,0,0
1415218469.03364,pg_catalog,pg_range,0,0,1012,0,0,0,0,0,0,0,0,0,148,1876,,,,
1415218469.03364,pg_toast,pg_toast_11600,0,0,0,0,0,0,0,0,0,0,0,0,0,0,,,,
1415218469.03364,pg_toast,pg_toast_11590,0,0,0,0,0,0,0,0,0,0,0,0,0,0,,,,
1415218469.03364,public,region,6,10,8,8,5,0,0,0,5,0,1,11,2,9,,,,
1415218469.03364,information_schema,sql_implementation_info,0,0,,,0,0,0,0,0,0,0,0,,,0,0,0,0
1415218469.03364,pg_catalog,pg_user_mapping,0,0,0,0,0,0,0,0,0,0,0,0,0,0,,,,
1415218469.03364,pg_catalog,pg_largeobject,0,0,0,0,0,0,0,0,0,0,0,0,0,0,,,,
1415218469.03364,pg_catalog,pg_namespace,380,4104,15605,11128,10,0,0,0,10,0,34,11500,332,20312,,,,
1415218469.03364,information_schema,sql_parts,0,0,,,0,0,0,0,0,0,0,0,,,0,0,0,0
1415218469.03364,pg_catalog,pg_authid,150,150,8997,8997,0,0,0,0,0,0,19,9128,80,17914,,,,
1415218469.03364,pg_catalog,pg_index,758,70626,44864,64917,120,0,92,0,138,0,229,49820,100,52119,,,,
1415218469.03364,pg_catalog,pg_ts_dict,0,0,0,0,0,0,0,0,0,0,0,0,0,0,,,,
1415218469.03364,public,customer,9,9000000,28,28,1500000,0,0,0,1500000,0,68533,294885,6,86,,,,
1415218469.03364,pg_catalog,pg_class,1815,385484,119683,111467,259,73,221,71,329,1,605,126331,191,202341,,,,
1415218469.03364,pg_toast,pg_toast_2396,0,0,0,0,0,0,0,0,0,0,0,0,0,0,,,,
1415218469.03364,pg_catalog,pg_enum,0,0,0,0,0,0,0,0,0,0,0,0,0,0,,,,
1415218469.03364,public,time_statistics,1,1,,,4,1,0,1,4,1,2,4,,,,,,
1415218469.03364,pg_catalog,pg_db_role_setting,0,0,14208,0,0,0,0,0,0,0,0,0,17,14191,0,0,0,0
1415218469.03364,pg_catalog,pg_seclabel,0,0,566,0,0,0,0,0,0,0,0,0,57,509,0,0,0,0
1415218469.03364,pg_toast,pg_toast_2609,0,0,0,0,0,0,0,0,0,0,0,0,0,0,,,,
1415218469.03364,pg_toast,pg_toast_1255,0,0,0,0,0,0,0,0,0,0,0,0,0,0,,,,
1415218469.03364,pg_catalog,pg_rewrite,0,0,1351,1132,73,0,73,0,108,1,550,1077,261,2041,344,576,122,678
1415218469.03364,pg_catalog,pg_ts_config,0,0,0,0,0,0,0,0,0,0,0,0,0,0,,,,
1415218469.03364,pg_catalog,pg_extension,0,0,0,0,0,0,0,0,0,0,0,0,0,0,,,,
1415218469.03364,pg_catalog,pg_amop,0,0,39480,57244,0,0,0,0,0,0,73,57171,257,84092,,,,
1415218469.03364,pg_catalog,pg_cast,0,0,142189,35375,0,0,0,0,0,0,57,35318,36,146475,,,,
1415218469.03364,public,lineitem,17,539874468,56,56,59986052,0,0,0,59985831,0,10639450,2622924,16,223,,,,
1415218469.03364,pg_toast,pg_toast_2619,0,0,17629,58968,870,0,619,0,267,6,4521,23984,73,20702,,,,
1415218469.03364,pg_toast,pg_toast_11610,0,0,0,0,0,0,0,0,0,0,0,0,0,0,,,,
1415218469.03364,pg_toast,pg_toast_2604,0,0,0,0,0,0,0,0,0,0,0,0,0,0,,,,
1415218529.03588,pg_catalog,pg_auth_members,0,0,0,0,0,0,0,0,0,0,0,0,0,0,,,,
1415218529.03588,pg_catalog,pg_operator,0,0,33953,168490,0,0,0,0,0,0,407,118878,365,74198,,,,
1415218529.03588,pg_catalog,pg_aggregate,0,0,2321,2321,0,0,0,0,0,0,59,2262,151,3907,,,,
1415218529.03588,pg_catalog,pg_pltemplate,0,0,0,0,0,0,0,0,0,0,0,0,0,0,,,,
1415218529.03588,pg_toast,pg_toast_11615,0,0,0,0,0,0,0,0,0,0,0,0,0,0,,,,
1415218529.03588,pg_catalog,pg_description,0,0,566,0,0,0,0,0,0,0,0,0,178,1083,0,0,0,0
1415218529.03588,pg_catalog,pg_language,0,0,0,0,0,0,0,0,0,0,0,0,0,0,,,,
1415218529.03588,pg_catalog,pg_ts_parser,0,0,0,0,0,0,0,0,0,0,0,0,0,0,,,,
1415218529.03588,pg_catalog,pg_shseclabel,0,0,0,0,0,0,0,0,0,0,0,0,0,0,,,,
1415218529.03588,pg_catalog,pg_foreign_table,0,0,0,0,0,0,0,0,0,0,0,0,0,0,,,,
1415218529.03588,pg_toast,pg_toast_11620,0,0,0,0,0,0,0,0,0,0,0,0,0,0,,,,
1415218529.03588,pg_catalog,pg_attrdef,0,0,0,0,0,0,0,0,0,0,0,0,0,0,0,0,0,0
1415218529.03588,pg_catalog,pg_ts_template,0,0,0,0,0,0,0,0,0,0,0,0,0,0,,,,
1415218529.03588,pg_catalog,pg_foreign_server,0,0,0,0,0,0,0,0,0,0,0,0,0,0,,,,
1415218529.03588,pg_catalog,pg_default_acl,0,0,556,0,0,0,0,0,0,0,0,0,58,498,,,,
1415218529.03588,pg_toast,pg_toast_11595,0,0,0,0,0,0,0,0,0,0,0,0,0,0,,,,
1415218529.03588,information_schema,sql_packages,0,0,,,0,0,0,0,0,0,0,0,,,0,0,0,0
1415218529.03588,public,part,10,14000000,33,2000032,2000000,0,0,0,2000000,0,119529,369021,5475,98,,,,
1415218529.03588,public,nation,11,75,24990,24990,25,0,0,0,25,0,2,24993,4,24996,,,,
1415218529.03588,pg_catalog,pg_attribute,374,2482,93372,206645,968,30,790,16,2425,326,1595,103856,485,195200,,,,
1415218529.03588,public,orders,10,60000000,30,30,15015000,0,0,0,15015000,0,504810,1559367,2826,132769,,,,
1415218529.03588,pg_catalog,pg_statistic,0,0,25126,23937,231,565,168,334,447,81,1455,24500,182,54334,4552,24001,73,20736
1415218529.03588,pg_toast,pg_toast_2618,0,0,532,1725,0,0,0,0,0,0,349,578,122,684,,,,
1415218529.03588,pg_toast,pg_toast_3596,0,0,0,0,0,0,0,0,0,0,0,0,0,0,,,,
1415218529.03588,information_schema,sql_features,0,0,,,0,0,0,0,0,0,0,0,,,0,0,0,0
1415218529.03588,pg_catalog,pg_depend,0,0,5632,6020,1071,0,981,0,6294,982,741,6780,1393,14693,,,,
1415218529.03588,public,partsupp,4,24000000,26324,1627952,8000000,0,0,0,8000000,0,511566,2393556,19991,63530,,,,
1415218529.03588,pg_toast,pg_toast_11605,0,0,0,0,0,0,0,0,0,0,0,0,0,0,,,,
1415218529.03588,pg_catalog,pg_opclass,68,68,26774,289362,0,0,0,0,0,0,39,102900,147,33209,,,,
1415218529.03588,pg_catalog,pg_proc,0,0,40680,60218,0,0,0,0,0,0,2639,42561,988,89817,0,0,0,0
1415218529.03588,pg_catalog,pg_trigger,0,0,0,0,0,0,0,0,0,0,0,0,0,0,0,0,0,0
1415218529.03588,information_schema,sql_languages,0,0,,,0,0,0,0,0,0,0,0,,,0,0,0,0
1415218529.03588,pg_catalog,pg_am,4736,4736,0,0,0,0,0,0,0,0,17,4719,0,0,,,,
1415218529.03588,pg_catalog,pg_largeobject_metadata,0,0,0,0,0,0,0,0,0,0,0,0,0,0,,,,
1415218529.03588,pg_catalog,pg_ts_config_map,0,0,0,0,0,0,0,0,0,0,0,0,0,0,,,,
1415218529.03588,pg_catalog,pg_type,0,0,101613,100598,275,0,256,0,349,2,403,101280,649,188244,,,,
1415218529.03588,information_schema,sql_sizing_profiles,0,0,,,0,0,0,0,0,0,0,0,,,0,0,0,0
1415218529.03588,pg_catalog,pg_shdepend,0,0,717,150,0,0,0,0,0,0,63,87,251,736,,,,
1415218529.03588,pg_catalog,pg_conversion,0,0,0,0,0,0,0,0,0,0,0,0,0,0,,,,
1415218529.03588,pg_catalog,pg_foreign_data_wrapper,0,0,0,0,0,0,0,0,0,0,0,0,0,0,,,,
1415218529.03588,pg_catalog,pg_opfamily,0,0,0,0,0,0,0,0,0,0,0,0,0,0,,,,
1415218529.03588,pg_catalog,pg_shdescription,0,0,0,0,0,0,0,0,0,0,0,0,0,0,0,0,0,0
1415218529.03588,pg_catalog,pg_tablespace,2,4,3250,3250,0,0,0,0,0,0,22,3230,44,6456,,,,
1415218529.03588,pg_catalog,pg_inherits,0,0,129,0,0,0,0,0,0,0,0,0,64,65,,,,
1415218529.03588,public,supplier,10,500000,24988,24988,100000,0,0,0,100000,0,4491,40636,280,49843,,,,
1415218529.03588,pg_toast,pg_toast_2606,0,0,0,0,0,0,0,0,0,0,0,0,0,0,,,,
1415218529.03588,pg_toast,pg_toast_2964,0,0,0,0,0,0,0,0,0,0,0,0,0,0,,,,
1415218529.03588,pg_catalog,pg_database,400,1531,16182,16180,1,0,0,0,1,0,5,16576,68,25615,,,,
1415218529.03588,pg_toast,pg_toast_2620,0,0,0,0,0,0,0,0,0,0,0,0,0,0,,,,
1415218529.03588,information_schema,sql_sizing,0,0,,,0,0,0,0,0,0,0,0,,,0,0,0,0
1415218529.03588,pg_catalog,pg_amproc,68,136,19653,29223,0,0,0,0,0,0,59,19219,51,43871,,,,
1415218529.03588,pg_catalog,pg_collation,0,0,0,0,0,0,0,0,0,0,0,0,0,0,,,,
1415218529.03588,pg_catalog,pg_constraint,0,0,40,16,24,0,16,0,8,16,13,116,24,224,0,0,0,0
1415218529.03588,pg_catalog,pg_range,0,0,1015,0,0,0,0,0,0,0,0,0,150,1880,,,,
1415218529.03588,pg_toast,pg_toast_11600,0,0,0,0,0,0,0,0,0,0,0,0,0,0,,,,
1415218529.03588,pg_toast,pg_toast_11590,0,0,0,0,0,0,0,0,0,0,0,0,0,0,,,,
1415218529.03588,public,region,6243,31190,12,12,5,0,0,0,5,0,2,6250,4,12,,,,
1415218529.03588,information_schema,sql_implementation_info,0,0,,,0,0,0,0,0,0,0,0,,,0,0,0,0
1415218529.03588,pg_catalog,pg_user_mapping,0,0,0,0,0,0,0,0,0,0,0,0,0,0,,,,
1415218529.03588,pg_catalog,pg_largeobject,0,0,0,0,0,0,0,0,0,0,0,0,0,0,,,,
1415218529.03588,pg_catalog,pg_namespace,382,4136,15782,11292,10,0,0,0,10,0,34,11666,334,20503,,,,
1415218529.03588,information_schema,sql_parts,0,0,,,0,0,0,0,0,0,0,0,,,0,0,0,0
1415218529.03588,pg_catalog,pg_authid,151,151,9032,9032,0,0,0,0,0,0,19,9164,80,17984,,,,
1415218529.03588,pg_catalog,pg_index,762,71178,44961,65051,120,0,92,0,138,0,229,49959,100,52242,,,,
1415218529.03588,pg_catalog,pg_ts_dict,0,0,0,0,0,0,0,0,0,0,0,0,0,0,,,,
1415218529.03588,public,customer,9,9000000,28,28,1500000,0,0,0,1500000,0,68533,294885,6,86,,,,
1415218529.03588,pg_catalog,pg_class,1825,388175,120149,111918,259,73,221,71,329,1,606,126862,191,203305,,,,
1415218529.03588,pg_toast,pg_toast_2396,0,0,0,0,0,0,0,0,0,0,0,0,0,0,,,,
1415218529.03588,pg_catalog,pg_enum,0,0,0,0,0,0,0,0,0,0,0,0,0,0,,,,
1415218529.03588,public,time_statistics,4,16,,,7,4,0,4,7,4,2,13,,,,,,
1415218529.03588,pg_catalog,pg_db_role_setting,0,0,14265,0,0,0,0,0,0,0,0,0,17,14248,0,0,0,0
1415218529.03588,pg_catalog,pg_seclabel,0,0,566,0,0,0,0,0,0,0,0,0,57,509,0,0,0,0
1415218529.03588,pg_toast,pg_toast_2609,0,0,0,0,0,0,0,0,0,0,0,0,0,0,,,,
1415218529.03588,pg_toast,pg_toast_1255,0,0,0,0,0,0,0,0,0,0,0,0,0,0,,,,
1415218529.03588,pg_catalog,pg_rewrite,0,0,1357,1138,73,0,73,0,108,1,554,1079,261,2051,349,578,122,684
1415218529.03588,pg_catalog,pg_ts_config,0,0,0,0,0,0,0,0,0,0,0,0,0,0,,,,
1415218529.03588,pg_catalog,pg_extension,0,0,0,0,0,0,0,0,0,0,0,0,0,0,,,,
1415218529.03588,pg_catalog,pg_amop,0,0,39581,57382,0,0,0,0,0,0,75,57307,258,84308,,,,
1415218529.03588,pg_catalog,pg_cast,0,0,142686,35474,0,0,0,0,0,0,57,35417,36,146985,,,,
1415218529.03588,public,lineitem,17,539874468,59,749893,60045669,0,0,0,60045448,0,11045008,2625599,109897,1305573,,,,
1415218529.03588,pg_toast,pg_toast_2619,0,0,17656,59066,872,0,621,0,267,8,4552,24001,73,20736,,,,
1415218529.03588,pg_toast,pg_toast_11610,0,0,0,0,0,0,0,0,0,0,0,0,0,0,,,,
1415218529.03588,pg_toast,pg_toast_2604,0,0,0,0,0,0,0,0,0,0,0,0,0,0,,,,
1415218589.03903,pg_catalog,pg_auth_members,0,0,0,0,0,0,0,0,0,0,0,0,0,0,,,,
1415218589.03903,pg_catalog,pg_operator,0,0,33970,168507,0,0,0,0,0,0,407,118895,365,74240,,,,
1415218589.03903,pg_catalog,pg_aggregate,0,0,2322,2322,0,0,0,0,0,0,59,2263,151,3909,,,,
1415218589.03903,pg_catalog,pg_pltemplate,0,0,0,0,0,0,0,0,0,0,0,0,0,0,,,,
1415218589.03903,pg_toast,pg_toast_11615,0,0,0,0,0,0,0,0,0,0,0,0,0,0,,,,
1415218589.03903,pg_catalog,pg_description,0,0,566,0,0,0,0,0,0,0,0,0,178,1083,0,0,0,0
1415218589.03903,pg_catalog,pg_language,0,0,0,0,0,0,0,0,0,0,0,0,0,0,,,,
1415218589.03903,pg_catalog,pg_ts_parser,0,0,0,0,0,0,0,0,0,0,0,0,0,0,,,,
1415218589.03903,pg_catalog,pg_shseclabel,0,0,0,0,0,0,0,0,0,0,0,0,0,0,,,,
1415218589.03903,pg_catalog,pg_foreign_table,0,0,0,0,0,0,0,0,0,0,0,0,0,0,,,,
1415218589.03903,pg_toast,pg_toast_11620,0,0,0,0,0,0,0,0,0,0,0,0,0,0,,,,
1415218589.03903,pg_catalog,pg_attrdef,0,0,0,0,0,0,0,0,0,0,0,0,0,0,0,0,0,0
1415218589.03903,pg_catalog,pg_ts_template,0,0,0,0,0,0,0,0,0,0,0,0,0,0,,,,
1415218589.03903,pg_catalog,pg_foreign_server,0,0,0,0,0,0,0,0,0,0,0,0,0,0,,,,
1415218589.03903,pg_catalog,pg_default_acl,0,0,556,0,0,0,0,0,0,0,0,0,58,498,,,,
1415218589.03903,pg_toast,pg_toast_11595,0,0,0,0,0,0,0,0,0,0,0,0,0,0,,,,
1415218589.03903,information_schema,sql_packages,0,0,,,0,0,0,0,0,0,0,0,,,0,0,0,0
1415218589.03903,public,part,10,14000000,33,2000032,2000000,0,0,0,2000000,0,119529,369021,5475,98,,,,
1415218589.03903,public,nation,11,75,24990,24990,25,0,0,0,25,0,2,24993,4,24996,,,,
1415218589.03903,pg_catalog,pg_attribute,374,2482,93563,206959,968,30,790,16,2425,326,1595,104048,485,195588,,,,
1415218589.03903,public,orders,10,60000000,30,30,15015000,0,0,0,15015000,0,504810,1559367,2826,132769,,,,
1415218589.03903,pg_catalog,pg_statistic,0,0,25151,23956,231,565,168,334,447,81,1455,24519,182,54389,4552,24004,73,20742
1415218589.03903,pg_toast,pg_toast_2618,0,0,536,1738,0,0,0,0,0,0,349,585,122,690,,,,
1415218589.03903,pg_toast,pg_toast_3596,0,0,0,0,0,0,0,0,0,0,0,0,0,0,,,,
1415218589.03903,information_schema,sql_features,0,0,,,0,0,0,0,0,0,0,0,,,0,0,0,0
1415218589.03903,pg_catalog,pg_depend,0,0,5632,6020,1071,0,981,0,6294,982,741,6780,1393,14693,,,,
1415218589.03903,public,partsupp,4,24000000,26324,1627952,8000000,0,0,0,8000000,0,511566,2393556,19991,63530,,,,
1415218589.03903,pg_toast,pg_toast_11605,0,0,0,0,0,0,0,0,0,0,0,0,0,0,,,,
1415218589.03903,pg_catalog,pg_opclass,68,68,26791,289535,0,0,0,0,0,0,39,102956,147,33235,,,,
1415218589.03903,pg_catalog,pg_proc,0,0,40756,60329,0,0,0,0,0,0,2639,42652,988,89984,0,0,0,0
1415218589.03903,pg_catalog,pg_trigger,0,0,0,0,0,0,0,0,0,0,0,0,0,0,0,0,0,0
1415218589.03903,information_schema,sql_languages,0,0,,,0,0,0,0,0,0,0,0,,,0,0,0,0
1415218589.03903,pg_catalog,pg_am,4742,4742,0,0,0,0,0,0,0,0,17,4725,0,0,,,,
1415218589.03903,pg_catalog,pg_largeobject_metadata,0,0,0,0,0,0,0,0,0,0,0,0,0,0,,,,
1415218589.03903,pg_catalog,pg_ts_config_map,0,0,0,0,0,0,0,0,0,0,0,0,0,0,,,,
1415218589.03903,pg_catalog,pg_type,0,0,101703,100688,275,0,256,0,349,2,403,101370,649,188429,,,,
1415218589.03903,information_schema,sql_sizing_profiles,0,0,,,0,0,0,0,0,0,0,0,,,0,0,0,0
1415218589.03903,pg_catalog,pg_shdepend,0,0,717,150,0,0,0,0,0,0,63,87,251,736,,,,
1415218589.03903,pg_catalog,pg_conversion,0,0,0,0,0,0,0,0,0,0,0,0,0,0,,,,
1415218589.03903,pg_catalog,pg_foreign_data_wrapper,0,0,0,0,0,0,0,0,0,0,0,0,0,0,,,,
1415218589.03903,pg_catalog,pg_opfamily,0,0,0,0,0,0,0,0,0,0,0,0,0,0,,,,
1415218589.03903,pg_catalog,pg_shdescription,0,0,0,0,0,0,0,0,0,0,0,0,0,0,0,0,0,0
1415218589.03903,pg_catalog,pg_tablespace,2,4,3255,3255,0,0,0,0,0,0,22,3235,44,6466,,,,
1415218589.03903,pg_catalog,pg_inherits,0,0,129,0,0,0,0,0,0,0,0,0,64,65,,,,
1415218589.03903,public,supplier,10,500000,24988,24988,100000,0,0,0,100000,0,4491,40636,280,49843,,,,
1415218589.03903,pg_toast,pg_toast_2606,0,0,0,0,0,0,0,0,0,0,0,0,0,0,,,,
1415218589.03903,pg_toast,pg_toast_2964,0,0,0,0,0,0,0,0,0,0,0,0,0,0,,,,
1415218589.03903,pg_catalog,pg_database,403,1543,16211,16209,1,0,0,0,1,0,5,16608,68,25658,,,,
1415218589.03903,pg_toast,pg_toast_2620,0,0,0,0,0,0,0,0,0,0,0,0,0,0,,,,
1415218589.03903,information_schema,sql_sizing,0,0,,,0,0,0,0,0,0,0,0,,,0,0,0,0
1415218589.03903,pg_catalog,pg_amproc,68,136,19669,29248,0,0,0,0,0,0,59,19235,51,43909,,,,
1415218589.03903,pg_catalog,pg_collation,0,0,0,0,0,0,0,0,0,0,0,0,0,0,,,,
1415218589.03903,pg_catalog,pg_constraint,0,0,40,16,24,0,16,0,8,16,13,116,24,224,0,0,0,0
1415218589.03903,pg_catalog,pg_range,0,0,1015,0,0,0,0,0,0,0,0,0,150,1880,,,,
1415218589.03903,pg_toast,pg_toast_11600,0,0,0,0,0,0,0,0,0,0,0,0,0,0,,,,
1415218589.03903,pg_toast,pg_toast_11590,0,0,0,0,0,0,0,0,0,0,0,0,0,0,,,,
1415218589.03903,public,region,6243,31190,12,12,5,0,0,0,5,0,2,6250,4,12,,,,
1415218589.03903,information_schema,sql_implementation_info,0,0,,,0,0,0,0,0,0,0,0,,,0,0,0,0
1415218589.03903,pg_catalog,pg_user_mapping,0,0,0,0,0,0,0,0,0,0,0,0,0,0,,,,
1415218589.03903,pg_catalog,pg_largeobject,0,0,0,0,0,0,0,0,0,0,0,0,0,0,,,,
1415218589.03903,pg_catalog,pg_namespace,384,4168,15935,11440,10,0,0,0,10,0,34,11816,334,20662,,,,
1415218589.03903,information_schema,sql_parts,0,0,,,0,0,0,0,0,0,0,0,,,0,0,0,0
1415218589.03903,pg_catalog,pg_authid,152,152,9042,9042,0,0,0,0,0,0,19,9175,80,18004,,,,
1415218589.03903,pg_catalog,pg_index,766,71730,44995,65095,120,0,92,0,138,0,229,50017,100,52287,,,,
1415218589.03903,pg_catalog,pg_ts_dict,0,0,0,0,0,0,0,0,0,0,0,0,0,0,,,,
1415218589.03903,public,customer,9,9000000,28,28,1500000,0,0,0,1500000,0,68533,294885,6,86,,,,
1415218589.03903,pg_catalog,pg_class,1836,391192,120484,112253,259,73,221,71,329,1,606,127286,191,203987,,,,
1415218589.03903,pg_toast,pg_toast_2396,0,0,0,0,0,0,0,0,0,0,0,0,0,0,,,,
1415218589.03903,pg_catalog,pg_enum,0,0,0,0,0,0,0,0,0,0,0,0,0,0,,,,
1415218589.03903,public,time_statistics,4,16,,,7,4,0,4,7,4,2,13,,,,,,
1415218589.03903,pg_catalog,pg_db_role_setting,0,0,14286,0,0,0,0,0,0,0,0,0,17,14269,0,0,0,0
1415218589.03903,pg_catalog,pg_seclabel,0,0,566,0,0,0,0,0,0,0,0,0,57,509,0,0,0,0
1415218589.03903,pg_toast,pg_toast_2609,0,0,0,0,0,0,0,0,0,0,0,0,0,0,,,,
1415218589.03903,pg_toast,pg_toast_1255,0,0,0,0,0,0,0,0,0,0,0,0,0,0,,,,
1415218589.03903,pg_catalog,pg_rewrite,0,0,1364,1145,73,0,73,0,108,1,554,1086,261,2063,349,585,122,690
1415218589.03903,pg_catalog,pg_ts_config,0,0,0,0,0,0,0,0,0,0,0,0,0,0,,,,
1415218589.03903,pg_catalog,pg_extension,0,0,0,0,0,0,0,0,0,0,0,0,0,0,,,,
1415218589.03903,pg_catalog,pg_amop,0,0,39614,57423,0,0,0,0,0,0,75,57348,258,84382,,,,
1415218589.03903,pg_catalog,pg_cast,0,0,142754,35502,0,0,0,0,0,0,57,35445,36,147058,,,,
1415218589.03903,public,lineitem,17,539874468,59,749893,60045669,0,0,0,60045448,0,11045008,2625599,109897,1305573,,,,
1415218589.03903,pg_toast,pg_toast_2619,0,0,17659,59072,872,0,621,0,267,8,4552,24004,73,20742,,,,
1415218589.03903,pg_toast,pg_toast_11610,0,0,0,0,0,0,0,0,0,0,0,0,0,0,,,,
1415218589.03903,pg_toast,pg_toast_2604,0,0,0,0,0,0,0,0,0,0,0,0,0,0,,,,
1415218649.03841,pg_catalog,pg_auth_members,0,0,0,0,0,0,0,0,0,0,0,0,0,0,,,,
1415218649.03841,pg_catalog,pg_operator,0,0,34082,169179,0,0,0,0,0,0,408,119372,366,74490,,,,
1415218649.03841,pg_catalog,pg_aggregate,0,0,2328,2328,0,0,0,0,0,0,59,2269,151,3920,,,,
1415218649.03841,pg_catalog,pg_pltemplate,0,0,0,0,0,0,0,0,0,0,0,0,0,0,,,,
1415218649.03841,pg_toast,pg_toast_11615,0,0,0,0,0,0,0,0,0,0,0,0,0,0,,,,
1415218649.03841,pg_catalog,pg_description,0,0,566,0,0,0,0,0,0,0,0,0,178,1083,0,0,0,0
1415218649.03841,pg_catalog,pg_language,0,0,0,0,0,0,0,0,0,0,0,0,0,0,,,,
1415218649.03841,pg_catalog,pg_ts_parser,0,0,0,0,0,0,0,0,0,0,0,0,0,0,,,,
1415218649.03841,pg_catalog,pg_shseclabel,0,0,0,0,0,0,0,0,0,0,0,0,0,0,,,,
1415218649.03841,pg_catalog,pg_foreign_table,0,0,0,0,0,0,0,0,0,0,0,0,0,0,,,,
1415218649.03841,pg_toast,pg_toast_11620,0,0,0,0,0,0,0,0,0,0,0,0,0,0,,,,
1415218649.03841,pg_catalog,pg_attrdef,0,0,0,0,0,0,0,0,0,0,0,0,0,0,0,0,0,0
1415218649.03841,pg_catalog,pg_ts_template,0,0,0,0,0,0,0,0,0,0,0,0,0,0,,,,
1415218649.03841,pg_catalog,pg_foreign_server,0,0,0,0,0,0,0,0,0,0,0,0,0,0,,,,
1415218649.03841,pg_catalog,pg_default_acl,0,0,556,0,0,0,0,0,0,0,0,0,58,498,,,,
1415218649.03841,pg_toast,pg_toast_11595,0,0,0,0,0,0,0,0,0,0,0,0,0,0,,,,
1415218649.03841,information_schema,sql_packages,0,0,,,0,0,0,0,0,0,0,0,,,0,0,0,0
1415218649.03841,public,part,12,18000000,46,2002087,2000000,0,0,0,2000000,0,121521,450076,5498,131,,,,
1415218649.03841,public,nation,12,100,3286218,3286218,25,0,0,0,25,0,2,3286222,4,3286226,,,,
1415218649.03841,pg_catalog,pg_attribute,374,2482,93934,207686,968,30,790,16,2425,326,1595,104426,486,196346,,,,
1415218649.03841,public,orders,10,60000000,3261256,3261256,15015000,0,0,0,15015000,0,758076,4567327,43912,9893151,,,,
1415218649.03841,pg_catalog,pg_statistic,0,0,25242,24027,231,565,168,334,447,81,1457,24588,182,54585,4560,24069,73,20800
1415218649.03841,pg_toast,pg_toast_2618,0,0,540,1751,0,0,0,0,0,0,349,592,122,696,,,,
1415218649.03841,pg_toast,pg_toast_3596,0,0,0,0,0,0,0,0,0,0,0,0,0,0,,,,
1415218649.03841,information_schema,sql_features,0,0,,,0,0,0,0,0,0,0,0,,,0,0,0,0
1415218649.03841,pg_catalog,pg_depend,0,0,5632,6020,1071,0,981,0,6294,982,741,6780,1393,14693,,,,
1415218649.03841,public,partsupp,4,24000000,47949,9714315,8000000,0,0,0,8000000,0,511569,2830018,37594,133028,,,,
1415218649.03841,pg_toast,pg_toast_11605,0,0,0,0,0,0,0,0,0,0,0,0,0,0,,,,
1415218649.03841,pg_catalog,pg_opclass,68,68,26854,290058,0,0,0,0,0,0,39,103150,147,33320,,,,
1415218649.03841,pg_catalog,pg_proc,0,0,40929,60585,0,0,0,0,0,0,2642,42847,990,90371,0,0,0,0
1415218649.03841,pg_catalog,pg_trigger,0,0,0,0,0,0,0,0,0,0,0,0,0,0,0,0,0,0
1415218649.03841,information_schema,sql_languages,0,0,,,0,0,0,0,0,0,0,0,,,0,0,0,0
1415218649.03841,pg_catalog,pg_am,4759,4759,0,0,0,0,0,0,0,0,17,4742,0,0,,,,
1415218649.03841,pg_catalog,pg_largeobject_metadata,0,0,0,0,0,0,0,0,0,0,0,0,0,0,,,,
1415218649.03841,pg_catalog,pg_ts_config_map,0,0,0,0,0,0,0,0,0,0,0,0,0,0,,,,
1415218649.03841,pg_catalog,pg_type,0,0,102125,101110,275,0,256,0,349,2,403,101792,650,189293,,,,
1415218649.03841,information_schema,sql_sizing_profiles,0,0,,,0,0,0,0,0,0,0,0,,,0,0,0,0
1415218649.03841,pg_catalog,pg_shdepend,0,0,717,150,0,0,0,0,0,0,63,87,251,736,,,,
1415218649.03841,pg_catalog,pg_conversion,0,0,0,0,0,0,0,0,0,0,0,0,0,0,,,,
1415218649.03841,pg_catalog,pg_foreign_data_wrapper,0,0,0,0,0,0,0,0,0,0,0,0,0,0,,,,
1415218649.03841,pg_catalog,pg_opfamily,0,0,0,0,0,0,0,0,0,0,0,0,0,0,,,,
1415218649.03841,pg_catalog,pg_shdescription,0,0,0,0,0,0,0,0,0,0,0,0,0,0,0,0,0,0
1415218649.03841,pg_catalog,pg_tablespace,2,4,3269,3269,0,0,0,0,0,0,22,3249,44,6494,,,,
1415218649.03841,pg_catalog,pg_inherits,0,0,129,0,0,0,0,0,0,0,0,0,64,65,,,,
1415218649.03841,public,supplier,12,600000,3286220,3286220,100000,0,0,0,100000,0,4491,3304047,280,6590029,,,,
1415218649.03841,pg_toast,pg_toast_2606,0,0,0,0,0,0,0,0,0,0,0,0,0,0,,,,
1415218649.03841,pg_toast,pg_toast_2964,0,0,0,0,0,0,0,0,0,0,0,0,0,0,,,,
1415218649.03841,pg_catalog,pg_database,406,1555,16278,16276,1,0,0,0,1,0,5,16678,68,25761,,,,
1415218649.03841,pg_toast,pg_toast_2620,0,0,0,0,0,0,0,0,0,0,0,0,0,0,,,,
1415218649.03841,information_schema,sql_sizing,0,0,,,0,0,0,0,0,0,0,0,,,0,0,0,0
1415218649.03841,pg_catalog,pg_amproc,68,136,19727,29336,0,0,0,0,0,0,59,19291,51,44042,,,,
1415218649.03841,pg_catalog,pg_collation,0,0,0,0,0,0,0,0,0,0,0,0,0,0,,,,
1415218649.03841,pg_catalog,pg_constraint,0,0,40,16,24,0,16,0,8,16,13,116,24,224,0,0,0,0
1415218649.03841,pg_catalog,pg_range,0,0,1019,0,0,0,0,0,0,0,0,0,152,1886,,,,
1415218649.03841,pg_toast,pg_toast_11600,0,0,0,0,0,0,0,0,0,0,0,0,0,0,,,,
1415218649.03841,pg_toast,pg_toast_11590,0,0,0,0,0,0,0,0,0,0,0,0,0,0,,,,
1415218649.03841,public,region,6243,31190,12,12,5,0,0,0,5,0,2,6250,4,12,,,,
1415218649.03841,information_schema,sql_implementation_info,0,0,,,0,0,0,0,0,0,0,0,,,0,0,0,0
1415218649.03841,pg_catalog,pg_user_mapping,0,0,0,0,0,0,0,0,0,0,0,0,0,0,,,,
1415218649.03841,pg_catalog,pg_largeobject,0,0,0,0,0,0,0,0,0,0,0,0,0,0,,,,
1415218649.03841,pg_catalog,pg_namespace,386,4200,16127,11614,10,0,0,0,10,0,34,11992,335,20873,,,,
1415218649.03841,information_schema,sql_parts,0,0,,,0,0,0,0,0,0,0,0,,,0,0,0,0
1415218649.03841,pg_catalog,pg_authid,154,154,9074,9074,0,0,0,0,0,0,19,9209,80,18068,,,,
1415218649.03841,pg_catalog,pg_index,770,72282,45127,65287,120,0,92,0,138,0,229,50207,100,52446,,,,
1415218649.03841,pg_catalog,pg_ts_dict,0,0,0,0,0,0,0,0,0,0,0,0,0,0,,,,
1415218649.03841,public,customer,9,9000000,28,28,1500000,0,0,0,1500000,0,68533,294885,6,86,,,,
1415218649.03841,pg_catalog,pg_class,1847,394209,121018,112765,259,73,221,71,329,1,606,127887,191,205091,,,,
1415218649.03841,pg_toast,pg_toast_2396,0,0,0,0,0,0,0,0,0,0,0,0,0,0,,,,
1415218649.03841,pg_catalog,pg_enum,0,0,0,0,0,0,0,0,0,0,0,0,0,0,,,,
1415218649.03841,public,time_statistics,8,50,,,11,8,0,8,11,8,2,25,,,,,,
1415218649.03841,pg_catalog,pg_db_role_setting,0,0,14340,0,0,0,0,0,0,0,0,0,17,14323,0,0,0,0
1415218649.03841,pg_catalog,pg_seclabel,0,0,566,0,0,0,0,0,0,0,0,0,57,509,0,0,0,0
1415218649.03841,pg_toast,pg_toast_2609,0,0,0,0,0,0,0,0,0,0,0,0,0,0,,,,
1415218649.03841,pg_toast,pg_toast_1255,0,0,0,0,0,0,0,0,0,0,0,0,0,0,,,,
1415218649.03841,pg_catalog,pg_rewrite,0,0,1372,1153,73,0,73,0,108,1,555,1093,261,2077,349,592,122,696
1415218649.03841,pg_catalog,pg_ts_config,0,0,0,0,0,0,0,0,0,0,0,0,0,0,,,,
1415218649.03841,pg_catalog,pg_extension,0,0,0,0,0,0,0,0,0,0,0,0,0,0,,,,
1415218649.03841,pg_catalog,pg_amop,0,0,39725,57587,0,0,0,0,0,0,75,57512,258,84626,,,,
1415218649.03841,pg_catalog,pg_cast,0,0,143200,35633,0,0,0,0,0,0,57,35576,36,147522,,,,
1415218649.03841,public,lineitem,18,599920137,90582,12528169,60045669,0,0,0,60045448,0,12820862,5579863,160375,1655540,,,,
1415218649.03841,pg_toast,pg_toast_2619,0,0,17710,59243,872,0,621,0,267,8,4560,24069,73,20800,,,,
1415218649.03841,pg_toast,pg_toast_11610,0,0,0,0,0,0,0,0,0,0,0,0,0,0,,,,
1415218649.03841,pg_toast,pg_toast_2604,0,0,0,0,0,0,0,0,0,0,0,0,0,0,,,,
1415218709.0481,pg_catalog,pg_auth_members,0,0,0,0,0,0,0,0,0,0,0,0,0,0,,,,
1415218709.0481,pg_catalog,pg_operator,0,0,34145,169507,0,0,0,0,0,0,408,119602,366,74635,,,,
1415218709.0481,pg_catalog,pg_aggregate,0,0,2331,2331,0,0,0,0,0,0,59,2272,151,3926,,,,
1415218709.0481,pg_catalog,pg_pltemplate,0,0,0,0,0,0,0,0,0,0,0,0,0,0,,,,
1415218709.0481,pg_toast,pg_toast_11615,0,0,0,0,0,0,0,0,0,0,0,0,0,0,,,,
1415218709.0481,pg_catalog,pg_description,0,0,566,0,0,0,0,0,0,0,0,0,178,1083,0,0,0,0
1415218709.0481,pg_catalog,pg_language,0,0,0,0,0,0,0,0,0,0,0,0,0,0,,,,
1415218709.0481,pg_catalog,pg_ts_parser,0,0,0,0,0,0,0,0,0,0,0,0,0,0,,,,
1415218709.0481,pg_catalog,pg_shseclabel,0,0,0,0,0,0,0,0,0,0,0,0,0,0,,,,
1415218709.0481,pg_catalog,pg_foreign_table,0,0,0,0,0,0,0,0,0,0,0,0,0,0,,,,
1415218709.0481,pg_toast,pg_toast_11620,0,0,0,0,0,0,0,0,0,0,0,0,0,0,,,,
1415218709.0481,pg_catalog,pg_attrdef,0,0,0,0,0,0,0,0,0,0,0,0,0,0,0,0,0,0
1415218709.0481,pg_catalog,pg_ts_template,0,0,0,0,0,0,0,0,0,0,0,0,0,0,,,,
1415218709.0481,pg_catalog,pg_foreign_server,0,0,0,0,0,0,0,0,0,0,0,0,0,0,,,,
1415218709.0481,pg_catalog,pg_default_acl,0,0,556,0,0,0,0,0,0,0,0,0,58,498,,,,
1415218709.0481,pg_toast,pg_toast_11595,0,0,0,0,0,0,0,0,0,0,0,0,0,0,,,,
1415218709.0481,information_schema,sql_packages,0,0,,,0,0,0,0,0,0,0,0,,,0,0,0,0
1415218709.0481,public,part,12,18000000,51,2015421,2000000,0,0,0,2000000,0,132820,450080,5582,144,,,,
1415218709.0481,public,nation,13,125,3310566,3310566,25,0,0,0,25,0,3,3310570,6,3310573,,,,
1415218709.0481,pg_catalog,pg_attribute,374,2482,94240,208272,968,30,790,16,2425,326,1597,104734,486,196973,,,,
1415218709.0481,public,orders,11,75015000,3261265,7823225,15015000,0,0,0,15015000,0,1031630,4800825,56374,9893171,,,,
1415218709.0481,pg_catalog,pg_statistic,0,0,25307,24080,231,565,168,334,447,81,1463,24635,182,54725,4569,24098,73,20836
1415218709.0481,pg_toast,pg_toast_2618,0,0,544,1764,0,0,0,0,0,0,354,594,122,702,,,,
1415218709.0481,pg_toast,pg_toast_3596,0,0,0,0,0,0,0,0,0,0,0,0,0,0,,,,
1415218709.0481,information_schema,sql_features,0,0,,,0,0,0,0,0,0,0,0,,,0,0,0,0
1415218709.0481,pg_catalog,pg_depend,0,0,5632,6020,1071,0,981,0,6294,982,741,6780,1393,14693,,,,
1415218709.0481,public,partsupp,4,24000000,47949,9714315,8000000,0,0,0,8000000,0,511569,2830018,37594,133028,,,,
1415218709.0481,pg_toast,pg_toast_11605,0,0,0,0,0,0,0,0,0,0,0,0,0,0,,,,
1415218709.0481,pg_catalog,pg_opclass,68,68,26913,290729,0,0,0,0,0,0,39,103386,147,33398,,,,
1415218709.0481,pg_catalog,pg_proc,0,0,41061,60780,0,0,0,0,0,0,2649,42995,990,90666,0,0,0,0
1415218709.0481,pg_catalog,pg_trigger,0,0,0,0,0,0,0,0,0,0,0,0,0,0,0,0,0,0
1415218709.0481,information_schema,sql_languages,0,0,,,0,0,0,0,0,0,0,0,,,0,0,0,0
1415218709.0481,pg_catalog,pg_am,4772,4772,0,0,0,0,0,0,0,0,17,4755,0,0,,,,
1415218709.0481,pg_catalog,pg_largeobject_metadata,0,0,0,0,0,0,0,0,0,0,0,0,0,0,,,,
1415218709.0481,pg_catalog,pg_ts_config_map,0,0,0,0,0,0,0,0,0,0,0,0,0,0,,,,
1415218709.0481,pg_catalog,pg_type,0,0,102415,101400,275,0,256,0,349,2,403,102082,654,189882,,,,
1415218709.0481,information_schema,sql_sizing_profiles,0,0,,,0,0,0,0,0,0,0,0,,,0,0,0,0
1415218709.0481,pg_catalog,pg_shdepend,0,0,717,150,0,0,0,0,0,0,63,87,251,736,,,,
1415218709.0481,pg_catalog,pg_conversion,0,0,0,0,0,0,0,0,0,0,0,0,0,0,,,,
1415218709.0481,pg_catalog,pg_foreign_data_wrapper,0,0,0,0,0,0,0,0,0,0,0,0,0,0,,,,
1415218709.0481,pg_catalog,pg_opfamily,0,0,0,0,0,0,0,0,0,0,0,0,0,0,,,,
1415218709.0481,pg_catalog,pg_shdescription,0,0,0,0,0,0,0,0,0,0,0,0,0,0,0,0,0,0
1415218709.0481,pg_catalog,pg_tablespace,2,4,3279,3279,0,0,0,0,0,0,22,3259,44,6514,,,,
1415218709.0481,pg_catalog,pg_inherits,0,0,129,0,0,0,0,0,0,0,0,0,64,65,,,,
1415218709.0481,public,supplier,12,600000,3310566,3310566,100000,0,0,0,100000,0,6670,3326214,556,6638579,,,,
1415218709.0481,pg_toast,pg_toast_2606,0,0,0,0,0,0,0,0,0,0,0,0,0,0,,,,
1415218709.0481,pg_toast,pg_toast_2964,0,0,0,0,0,0,0,0,0,0,0,0,0,0,,,,
1415218709.0481,pg_catalog,pg_database,409,1567,16327,16325,1,0,0,0,1,0,5,16730,68,25838,,,,
1415218709.0481,pg_toast,pg_toast_2620,0,0,0,0,0,0,0,0,0,0,0,0,0,0,,,,
1415218709.0481,information_schema,sql_sizing,0,0,,,0,0,0,0,0,0,0,0,,,0,0,0,0
1415218709.0481,pg_catalog,pg_amproc,68,136,19776,29407,0,0,0,0,0,0,59,19339,51,44153,,,,
1415218709.0481,pg_catalog,pg_collation,0,0,0,0,0,0,0,0,0,0,0,0,0,0,,,,
1415218709.0481,pg_catalog,pg_constraint,0,0,40,16,24,0,16,0,8,16,13,116,24,224,0,0,0,0
1415218709.0481,pg_catalog,pg_range,0,0,1022,0,0,0,0,0,0,0,0,0,152,1892,,,,
1415218709.0481,pg_toast,pg_toast_11600,0,0,0,0,0,0,0,0,0,0,0,0,0,0,,,,
1415218709.0481,pg_toast,pg_toast_11590,0,0,0,0,0,0,0,0,0,0,0,0,0,0,,,,
1415218709.0481,public,region,6244,31195,14,14,5,0,0,0,5,0,3,6252,6,13,,,,
1415218709.0481,information_schema,sql_implementation_info,0,0,,,0,0,0,0,0,0,0,0,,,0,0,0,0
1415218709.0481,pg_catalog,pg_user_mapping,0,0,0,0,0,0,0,0,0,0,0,0,0,0,,,,
1415218709.0481,pg_catalog,pg_largeobject,0,0,0,0,0,0,0,0,0,0,0,0,0,0,,,,
1415218709.0481,pg_catalog,pg_namespace,388,4232,16301,11776,10,0,0,0,10,0,34,12156,335,21061,,,,
1415218709.0481,information_schema,sql_parts,0,0,,,0,0,0,0,0,0,0,0,,,0,0,0,0
1415218709.0481,pg_catalog,pg_authid,155,155,9098,9098,0,0,0,0,0,0,19,9234,80,18116,,,,
1415218709.0481,pg_catalog,pg_index,774,72834,45227,65430,120,0,92,0,138,0,229,50348,100,52567,,,,
1415218709.0481,pg_catalog,pg_ts_dict,0,0,0,0,0,0,0,0,0,0,0,0,0,0,,,,
1415218709.0481,public,customer,10,10500000,41,299874,1500000,0,0,0,1500000,0,103811,440210,844,111,,,,
1415218709.0481,pg_catalog,pg_class,1859,397552,121485,113218,259,73,221,71,329,1,607,128436,191,206051,,,,
1415218709.0481,pg_toast,pg_toast_2396,0,0,0,0,0,0,0,0,0,0,0,0,0,0,,,,
1415218709.0481,pg_catalog,pg_enum,0,0,0,0,0,0,0,0,0,0,0,0,0,0,,,,
1415218709.0481,public,time_statistics,10,73,,,13,10,0,10,13,10,2,31,,,,,,
1415218709.0481,pg_catalog,pg_db_role_setting,0,0,14382,0,0,0,0,0,0,0,0,0,17,14365,0,0,0,0
1415218709.0481,pg_catalog,pg_seclabel,0,0,566,0,0,0,0,0,0,0,0,0,57,509,0,0,0,0
1415218709.0481,pg_toast,pg_toast_2609,0,0,0,0,0,0,0,0,0,0,0,0,0,0,,,,
1415218709.0481,pg_toast,pg_toast_1255,0,0,0,0,0,0,0,0,0,0,0,0,0,0,,,,
1415218709.0481,pg_catalog,pg_rewrite,0,0,1380,1161,73,0,73,0,108,1,560,1096,261,2091,354,594,122,702
1415218709.0481,pg_catalog,pg_ts_config,0,0,0,0,0,0,0,0,0,0,0,0,0,0,,,,
1415218709.0481,pg_catalog,pg_extension,0,0,0,0,0,0,0,0,0,0,0,0,0,0,,,,
1415218709.0481,pg_catalog,pg_amop,0,0,39822,57724,0,0,0,0,0,0,75,57649,258,84836,,,,
1415218709.0481,pg_catalog,pg_cast,0,0,143580,35720,0,0,0,0,0,0,57,35663,36,147914,,,,
1415218709.0481,public,lineitem,20,720011475,103924,12928401,60045669,0,0,0,60045448,0,13345070,7588835,176643,1694728,,,,
1415218709.0481,pg_toast,pg_toast_2619,0,0,17740,59330,872,0,621,0,267,8,4569,24098,73,20836,,,,
1415218709.0481,pg_toast,pg_toast_11610,0,0,0,0,0,0,0,0,0,0,0,0,0,0,,,,
1415218709.0481,pg_toast,pg_toast_2604,0,0,0,0,0,0,0,0,0,0,0,0,0,0,,,,
1415218769.04975,pg_catalog,pg_auth_members,0,0,0,0,0,0,0,0,0,0,0,0,0,0,,,,
1415218769.04975,pg_catalog,pg_operator,0,0,34160,169522,0,0,0,0,0,0,408,119617,366,74671,,,,
1415218769.04975,pg_catalog,pg_aggregate,0,0,2332,2332,0,0,0,0,0,0,59,2273,151,3928,,,,
1415218769.04975,pg_catalog,pg_pltemplate,0,0,0,0,0,0,0,0,0,0,0,0,0,0,,,,
1415218769.04975,pg_toast,pg_toast_11615,0,0,0,0,0,0,0,0,0,0,0,0,0,0,,,,
1415218769.04975,pg_catalog,pg_description,0,0,566,0,0,0,0,0,0,0,0,0,178,1083,0,0,0,0
1415218769.04975,pg_catalog,pg_language,0,0,0,0,0,0,0,0,0,0,0,0,0,0,,,,
1415218769.04975,pg_catalog,pg_ts_parser,0,0,0,0,0,0,0,0,0,0,0,0,0,0,,,,
1415218769.04975,pg_catalog,pg_shseclabel,0,0,0,0,0,0,0,0,0,0,0,0,0,0,,,,
1415218769.04975,pg_catalog,pg_foreign_table,0,0,0,0,0,0,0,0,0,0,0,0,0,0,,,,
1415218769.04975,pg_toast,pg_toast_11620,0,0,0,0,0,0,0,0,0,0,0,0,0,0,,,,
1415218769.04975,pg_catalog,pg_attrdef,0,0,0,0,0,0,0,0,0,0,0,0,0,0,0,0,0,0
1415218769.04975,pg_catalog,pg_ts_template,0,0,0,0,0,0,0,0,0,0,0,0,0,0,,,,
1415218769.04975,pg_catalog,pg_foreign_server,0,0,0,0,0,0,0,0,0,0,0,0,0,0,,,,
1415218769.04975,pg_catalog,pg_default_acl,0,0,556,0,0,0,0,0,0,0,0,0,58,498,,,,
1415218769.04975,pg_toast,pg_toast_11595,0,0,0,0,0,0,0,0,0,0,0,0,0,0,,,,
1415218769.04975,information_schema,sql_packages,0,0,,,0,0,0,0,0,0,0,0,,,0,0,0,0
1415218769.04975,public,part,12,18000000,51,2015421,2000000,0,0,0,2000000,0,132820,450080,5582,144,,,,
1415218769.04975,public,nation,13,125,3310566,3310566,25,0,0,0,25,0,3,3310570,6,3310573,,,,
1415218769.04975,pg_catalog,pg_attribute,374,2482,94421,208559,968,30,790,16,2425,326,1598,104915,486,197341,,,,
1415218769.04975,public,orders,11,75015000,3261265,7823225,15015000,0,0,0,15015000,0,1031630,4800825,56374,9893171,,,,
1415218769.04975,pg_catalog,pg_statistic,0,0,25330,24097,231,565,168,334,447,81,1463,24652,182,54775,4569,24100,73,20840
1415218769.04975,pg_toast,pg_toast_2618,0,0,548,1777,0,0,0,0,0,0,357,598,123,707,,,,
1415218769.04975,pg_toast,pg_toast_3596,0,0,0,0,0,0,0,0,0,0,0,0,0,0,,,,
1415218769.04975,information_schema,sql_features,0,0,,,0,0,0,0,0,0,0,0,,,0,0,0,0
1415218769.04975,pg_catalog,pg_depend,0,0,5632,6020,1071,0,981,0,6294,982,741,6780,1393,14693,,,,
1415218769.04975,public,partsupp,4,24000000,47949,9714315,8000000,0,0,0,8000000,0,511569,2830018,37594,133028,,,,
1415218769.04975,pg_toast,pg_toast_11605,0,0,0,0,0,0,0,0,0,0,0,0,0,0,,,,
1415218769.04975,pg_catalog,pg_opclass,68,68,26925,290821,0,0,0,0,0,0,39,103414,147,33418,,,,
1415218769.04975,pg_catalog,pg_proc,0,0,41131,60878,0,0,0,0,0,0,2650,43076,990,90818,0,0,0,0
1415218769.04975,pg_catalog,pg_trigger,0,0,0,0,0,0,0,0,0,0,0,0,0,0,0,0,0,0
1415218769.04975,information_schema,sql_languages,0,0,,,0,0,0,0,0,0,0,0,,,0,0,0,0
1415218769.04975,pg_catalog,pg_am,4778,4778,0,0,0,0,0,0,0,0,17,4761,0,0,,,,
1415218769.04975,pg_catalog,pg_largeobject_metadata,0,0,0,0,0,0,0,0,0,0,0,0,0,0,,,,
1415218769.04975,pg_catalog,pg_ts_config_map,0,0,0,0,0,0,0,0,0,0,0,0,0,0,,,,
1415218769.04975,pg_catalog,pg_type,0,0,102485,101470,275,0,256,0,349,2,403,102152,654,190026,,,,
1415218769.04975,information_schema,sql_sizing_profiles,0,0,,,0,0,0,0,0,0,0,0,,,0,0,0,0
1415218769.04975,pg_catalog,pg_shdepend,0,0,717,150,0,0,0,0,0,0,63,87,251,736,,,,
1415218769.04975,pg_catalog,pg_conversion,0,0,0,0,0,0,0,0,0,0,0,0,0,0,,,,
1415218769.04975,pg_catalog,pg_foreign_data_wrapper,0,0,0,0,0,0,0,0,0,0,0,0,0,0,,,,
1415218769.04975,pg_catalog,pg_opfamily,0,0,0,0,0,0,0,0,0,0,0,0,0,0,,,,
1415218769.04975,pg_catalog,pg_shdescription,0,0,0,0,0,0,0,0,0,0,0,0,0,0,0,0,0,0
1415218769.04975,pg_catalog,pg_tablespace,2,4,3283,3283,0,0,0,0,0,0,22,3263,44,6522,,,,
1415218769.04975,pg_catalog,pg_inherits,0,0,129,0,0,0,0,0,0,0,0,0,64,65,,,,
1415218769.04975,public,supplier,12,600000,3310566,3310566,100000,0,0,0,100000,0,6670,3326214,556,6638579,,,,
1415218769.04975,pg_toast,pg_toast_2606,0,0,0,0,0,0,0,0,0,0,0,0,0,0,,,,
1415218769.04975,pg_toast,pg_toast_2964,0,0,0,0,0,0,0,0,0,0,0,0,0,0,,,,
1415218769.04975,pg_catalog,pg_database,412,1579,16356,16354,1,0,0,0,1,0,5,16762,68,25881,,,,
1415218769.04975,pg_toast,pg_toast_2620,0,0,0,0,0,0,0,0,0,0,0,0,0,0,,,,
1415218769.04975,information_schema,sql_sizing,0,0,,,0,0,0,0,0,0,0,0,,,0,0,0,0
1415218769.04975,pg_catalog,pg_amproc,68,136,19788,29427,0,0,0,0,0,0,59,19351,51,44183,,,,
1415218769.04975,pg_catalog,pg_collation,0,0,0,0,0,0,0,0,0,0,0,0,0,0,,,,
1415218769.04975,pg_catalog,pg_constraint,0,0,40,16,24,0,16,0,8,16,13,116,24,224,0,0,0,0
1415218769.04975,pg_catalog,pg_range,0,0,1022,0,0,0,0,0,0,0,0,0,152,1892,,,,
1415218769.04975,pg_toast,pg_toast_11600,0,0,0,0,0,0,0,0,0,0,0,0,0,0,,,,
1415218769.04975,pg_toast,pg_toast_11590,0,0,0,0,0,0,0,0,0,0,0,0,0,0,,,,
1415218769.04975,public,region,6244,31195,14,14,5,0,0,0,5,0,3,6252,6,13,,,,
1415218769.04975,information_schema,sql_implementation_info,0,0,,,0,0,0,0,0,0,0,0,,,0,0,0,0
1415218769.04975,pg_catalog,pg_user_mapping,0,0,0,0,0,0,0,0,0,0,0,0,0,0,,,,
1415218769.04975,pg_catalog,pg_largeobject,0,0,0,0,0,0,0,0,0,0,0,0,0,0,,,,
1415218769.04975,pg_catalog,pg_namespace,390,4264,16451,11922,10,0,0,0,10,0,34,12304,335,21216,,,,
1415218769.04975,information_schema,sql_parts,0,0,,,0,0,0,0,0,0,0,0,,,0,0,0,0
1415218769.04975,pg_catalog,pg_authid,156,156,9108,9108,0,0,0,0,0,0,19,9245,80,18136,,,,
1415218769.04975,pg_catalog,pg_index,778,73386,45258,65470,120,0,92,0,138,0,229,50403,100,52608,,,,
1415218769.04975,pg_catalog,pg_ts_dict,0,0,0,0,0,0,0,0,0,0,0,0,0,0,,,,
1415218769.04975,public,customer,10,10500000,41,299874,1500000,0,0,0,1500000,0,103811,440210,844,111,,,,
1415218769.04975,pg_catalog,pg_class,1869,400243,121812,113545,259,73,221,71,329,1,608,128843,191,206716,,,,
1415218769.04975,pg_toast,pg_toast_2396,0,0,0,0,0,0,0,0,0,0,0,0,0,0,,,,
1415218769.04975,pg_catalog,pg_enum,0,0,0,0,0,0,0,0,0,0,0,0,0,0,,,,
1415218769.04975,public,time_statistics,10,73,,,13,10,0,10,13,10,2,31,,,,,,
1415218769.04975,pg_catalog,pg_db_role_setting,0,0,14403,0,0,0,0,0,0,0,0,0,17,14386,0,0,0,0
1415218769.04975,pg_catalog,pg_seclabel,0,0,566,0,0,0,0,0,0,0,0,0,57,509,0,0,0,0
1415218769.04975,pg_toast,pg_toast_2609,0,0,0,0,0,0,0,0,0,0,0,0,0,0,,,,
1415218769.04975,pg_toast,pg_toast_1255,0,0,0,0,0,0,0,0,0,0,0,0,0,0,,,,
1415218769.04975,pg_catalog,pg_rewrite,0,0,1386,1167,73,0,73,0,108,1,562,1100,261,2101,357,598,123,707
1415218769.04975,pg_catalog,pg_ts_config,0,0,0,0,0,0,0,0,0,0,0,0,0,0,,,,
1415218769.04975,pg_catalog,pg_extension,0,0,0,0,0,0,0,0,0,0,0,0,0,0,,,,
1415218769.04975,pg_catalog,pg_amop,0,0,39845,57753,0,0,0,0,0,0,75,57678,258,84888,,,,
1415218769.04975,pg_catalog,pg_cast,0,0,143620,35742,0,0,0,0,0,0,57,35685,36,147958,,,,
1415218769.04975,public,lineitem,20,720011475,103924,12928401,60045669,0,0,0,60045448,0,13345070,7588835,176643,1694728,,,,
1415218769.04975,pg_toast,pg_toast_2619,0,0,17742,59334,872,0,621,0,267,8,4569,24100,73,20840,,,,
1415218769.04975,pg_toast,pg_toast_11610,0,0,0,0,0,0,0,0,0,0,0,0,0,0,,,,
1415218769.04975,pg_toast,pg_toast_2604,0,0,0,0,0,0,0,0,0,0,0,0,0,0,,,,
1415218829.05413,pg_catalog,pg_auth_members,0,0,0,0,0,0,0,0,0,0,0,0,0,0,,,,
1415218829.05413,pg_catalog,pg_operator,0,0,34205,169685,0,0,0,0,0,0,408,119734,366,74776,,,,
1415218829.05413,pg_catalog,pg_aggregate,0,0,2336,2336,0,0,0,0,0,0,59,2277,151,3935,,,,
1415218829.05413,pg_catalog,pg_pltemplate,0,0,0,0,0,0,0,0,0,0,0,0,0,0,,,,
1415218829.05413,pg_toast,pg_toast_11615,0,0,0,0,0,0,0,0,0,0,0,0,0,0,,,,
1415218829.05413,pg_catalog,pg_description,0,0,566,0,0,0,0,0,0,0,0,0,178,1083,0,0,0,0
1415218829.05413,pg_catalog,pg_language,0,0,0,0,0,0,0,0,0,0,0,0,0,0,,,,
1415218829.05413,pg_catalog,pg_ts_parser,0,0,0,0,0,0,0,0,0,0,0,0,0,0,,,,
1415218829.05413,pg_catalog,pg_shseclabel,0,0,0,0,0,0,0,0,0,0,0,0,0,0,,,,
1415218829.05413,pg_catalog,pg_foreign_table,0,0,0,0,0,0,0,0,0,0,0,0,0,0,,,,
1415218829.05413,pg_toast,pg_toast_11620,0,0,0,0,0,0,0,0,0,0,0,0,0,0,,,,
1415218829.05413,pg_catalog,pg_attrdef,0,0,0,0,0,0,0,0,0,0,0,0,0,0,0,0,0,0
1415218829.05413,pg_catalog,pg_ts_template,0,0,0,0,0,0,0,0,0,0,0,0,0,0,,,,
1415218829.05413,pg_catalog,pg_foreign_server,0,0,0,0,0,0,0,0,0,0,0,0,0,0,,,,
1415218829.05413,pg_catalog,pg_default_acl,0,0,556,0,0,0,0,0,0,0,0,0,58,498,,,,
1415218829.05413,pg_toast,pg_toast_11595,0,0,0,0,0,0,0,0,0,0,0,0,0,0,,,,
1415218829.05413,information_schema,sql_packages,0,0,,,0,0,0,0,0,0,0,0,,,0,0,0,0
1415218829.05413,public,part,12,18000000,51,2015421,2000000,0,0,0,2000000,0,132820,450080,5582,144,,,,
1415218829.05413,public,nation,14,150,3310568,3310568,25,0,0,0,25,0,3,3310573,6,3310576,,,,
1415218829.05413,pg_catalog,pg_attribute,374,2482,94664,209003,968,30,790,16,2425,326,1598,105161,486,197840,,,,
1415218829.05413,public,orders,12,90030000,4744593,9306553,15015000,0,0,0,15015000,0,1091742,6477563,97581,14310107,,,,
1415218829.05413,pg_catalog,pg_statistic,0,0,25376,24133,231,565,168,334,447,81,1465,24686,182,54875,4579,24118,73,20865
1415218829.05413,pg_toast,pg_toast_2618,0,0,552,1790,0,0,0,0,0,0,360,602,123,713,,,,
1415218829.05413,pg_toast,pg_toast_3596,0,0,0,0,0,0,0,0,0,0,0,0,0,0,,,,
1415218829.05413,information_schema,sql_features,0,0,,,0,0,0,0,0,0,0,0,,,0,0,0,0
1415218829.05413,pg_catalog,pg_depend,0,0,5632,6020,1071,0,981,0,6294,982,741,6780,1393,14693,,,,
1415218829.05413,public,partsupp,4,24000000,47949,9714315,8000000,0,0,0,8000000,0,511569,2830018,37594,133028,,,,
1415218829.05413,pg_toast,pg_toast_11605,0,0,0,0,0,0,0,0,0,0,0,0,0,0,,,,
1415218829.05413,pg_catalog,pg_opclass,68,68,26973,291329,0,0,0,0,0,0,39,103593,147,33483,,,,
1415218829.05413,pg_catalog,pg_proc,0,0,41238,61015,0,0,0,0,0,0,2657,43188,990,91056,0,0,0,0
1415218829.05413,pg_catalog,pg_trigger,0,0,0,0,0,0,0,0,0,0,0,0,0,0,0,0,0,0
1415218829.05413,information_schema,sql_languages,0,0,,,0,0,0,0,0,0,0,0,,,0,0,0,0
1415218829.05413,pg_catalog,pg_am,4790,4790,0,0,0,0,0,0,0,0,17,4773,0,0,,,,
1415218829.05413,pg_catalog,pg_largeobject_metadata,0,0,0,0,0,0,0,0,0,0,0,0,0,0,,,,
1415218829.05413,pg_catalog,pg_ts_config_map,0,0,0,0,0,0,0,0,0,0,0,0,0,0,,,,
1415218829.05413,pg_catalog,pg_type,0,0,102676,101659,275,0,256,0,349,2,403,102341,658,190417,,,,
1415218829.05413,information_schema,sql_sizing_profiles,0,0,,,0,0,0,0,0,0,0,0,,,0,0,0,0
1415218829.05413,pg_catalog,pg_shdepend,0,0,717,150,0,0,0,0,0,0,63,87,251,736,,,,
1415218829.05413,pg_catalog,pg_conversion,0,0,0,0,0,0,0,0,0,0,0,0,0,0,,,,
1415218829.05413,pg_catalog,pg_foreign_data_wrapper,0,0,0,0,0,0,0,0,0,0,0,0,0,0,,,,
1415218829.05413,pg_catalog,pg_opfamily,0,0,0,0,0,0,0,0,0,0,0,0,0,0,,,,
1415218829.05413,pg_catalog,pg_shdescription,0,0,0,0,0,0,0,0,0,0,0,0,0,0,0,0,0,0
1415218829.05413,pg_catalog,pg_tablespace,2,4,3291,3291,0,0,0,0,0,0,22,3271,44,6538,,,,
1415218829.05413,pg_catalog,pg_inherits,0,0,129,0,0,0,0,0,0,0,0,0,64,65,,,,
1415218829.05413,public,supplier,12,600000,3310571,3314624,100000,0,0,0,100000,0,6670,3328071,570,6638588,,,,
1415218829.05413,pg_toast,pg_toast_2606,0,0,0,0,0,0,0,0,0,0,0,0,0,0,,,,
1415218829.05413,pg_toast,pg_toast_2964,0,0,0,0,0,0,0,0,0,0,0,0,0,0,,,,
1415218829.05413,pg_catalog,pg_database,415,1591,16397,16395,1,0,0,0,1,0,5,16806,68,25948,,,,
1415218829.05413,pg_toast,pg_toast_2620,0,0,0,0,0,0,0,0,0,0,0,0,0,0,,,,
1415218829.05413,information_schema,sql_sizing,0,0,,,0,0,0,0,0,0,0,0,,,0,0,0,0
1415218829.05413,pg_catalog,pg_amproc,68,136,19827,29486,0,0,0,0,0,0,59,19389,51,44273,,,,
1415218829.05413,pg_catalog,pg_collation,0,0,0,0,0,0,0,0,0,0,0,0,0,0,,,,
1415218829.05413,pg_catalog,pg_constraint,0,0,40,16,24,0,16,0,8,16,13,116,24,224,0,0,0,0
1415218829.05413,pg_catalog,pg_range,0,0,1024,0,0,0,0,0,0,0,0,0,152,1896,,,,
1415218829.05413,pg_toast,pg_toast_11600,0,0,0,0,0,0,0,0,0,0,0,0,0,0,,,,
1415218829.05413,pg_toast,pg_toast_11590,0,0,0,0,0,0,0,0,0,0,0,0,0,0,,,,
1415218829.05413,public,region,6244,31195,14,14,5,0,0,0,5,0,3,6252,6,13,,,,
1415218829.05413,information_schema,sql_implementation_info,0,0,,,0,0,0,0,0,0,0,0,,,0,0,0,0
1415218829.05413,pg_catalog,pg_user_mapping,0,0,0,0,0,0,0,0,0,0,0,0,0,0,,,,
1415218829.05413,pg_catalog,pg_largeobject,0,0,0,0,0,0,0,0,0,0,0,0,0,0,,,,
1415218829.05413,pg_catalog,pg_namespace,392,4296,16617,12078,10,0,0,0,10,0,34,12462,335,21393,,,,
1415218829.05413,information_schema,sql_parts,0,0,,,0,0,0,0,0,0,0,0,,,0,0,0,0
1415218829.05413,pg_catalog,pg_authid,156,156,9130,9130,0,0,0,0,0,0,19,9267,80,18180,,,,
1415218829.05413,pg_catalog,pg_index,782,73938,45328,65565,120,0,92,0,138,0,229,50506,100,52696,,,,
1415218829.05413,pg_catalog,pg_ts_dict,0,0,0,0,0,0,0,0,0,0,0,0,0,0,,,,
1415218829.05413,public,customer,11,12000000,43,299876,1500000,0,0,0,1500000,0,111305,467996,849,113,,,,
1415218829.05413,pg_catalog,pg_class,1880,403260,122225,113948,259,73,221,71,329,1,609,129334,191,207565,,,,
1415218829.05413,pg_toast,pg_toast_2396,0,0,0,0,0,0,0,0,0,0,0,0,0,0,,,,
1415218829.05413,pg_catalog,pg_enum,0,0,0,0,0,0,0,0,0,0,0,0,0,0,,,,
1415218829.05413,public,time_statistics,12,100,,,15,12,0,12,15,12,2,37,,,,,,
1415218829.05413,pg_catalog,pg_db_role_setting,0,0,14442,0,0,0,0,0,0,0,0,0,17,14425,0,0,0,0
1415218829.05413,pg_catalog,pg_seclabel,0,0,566,0,0,0,0,0,0,0,0,0,57,509,0,0,0,0
1415218829.05413,pg_toast,pg_toast_2609,0,0,0,0,0,0,0,0,0,0,0,0,0,0,,,,
1415218829.05413,pg_toast,pg_toast_1255,0,0,0,0,0,0,0,0,0,0,0,0,0,0,,,,
1415218829.05413,pg_catalog,pg_rewrite,0,0,1392,1173,73,0,73,0,108,1,565,1103,261,2111,360,602,123,713
1415218829.05413,pg_catalog,pg_ts_config,0,0,0,0,0,0,0,0,0,0,0,0,0,0,,,,
1415218829.05413,pg_catalog,pg_extension,0,0,0,0,0,0,0,0,0,0,0,0,0,0,,,,
1415218829.05413,pg_catalog,pg_amop,0,0,39915,57852,0,0,0,0,0,0,75,57777,258,85040,,,,
1415218829.05413,pg_catalog,pg_cast,0,0,143831,35800,0,0,0,0,0,0,57,35743,36,148179,,,,
1415218829.05413,public,lineitem,22,840102813,820664,14244090,60045669,0,0,0,60045448,0,14453157,9343002,339167,4402874,,,,
1415218829.05413,pg_toast,pg_toast_2619,0,0,17762,59398,872,0,621,0,267,8,4579,24118,73,20865,,,,
1415218829.05413,pg_toast,pg_toast_11610,0,0,0,0,0,0,0,0,0,0,0,0,0,0,,,,
1415218829.05413,pg_toast,pg_toast_2604,0,0,0,0,0,0,0,0,0,0,0,0,0,0,,,,
1415218889.05712,pg_catalog,pg_auth_members,0,0,0,0,0,0,0,0,0,0,0,0,0,0,,,,
1415218889.05712,pg_catalog,pg_operator,0,0,34259,169947,0,0,0,0,0,0,409,119919,367,74903,,,,
1415218889.05712,pg_catalog,pg_aggregate,0,0,2341,2341,0,0,0,0,0,0,59,2282,151,3943,,,,
1415218889.05712,pg_catalog,pg_pltemplate,0,0,0,0,0,0,0,0,0,0,0,0,0,0,,,,
1415218889.05712,pg_toast,pg_toast_11615,0,0,0,0,0,0,0,0,0,0,0,0,0,0,,,,
1415218889.05712,pg_catalog,pg_description,0,0,566,0,0,0,0,0,0,0,0,0,178,1083,0,0,0,0
1415218889.05712,pg_catalog,pg_language,0,0,0,0,0,0,0,0,0,0,0,0,0,0,,,,
1415218889.05712,pg_catalog,pg_ts_parser,0,0,0,0,0,0,0,0,0,0,0,0,0,0,,,,
1415218889.05712,pg_catalog,pg_shseclabel,0,0,0,0,0,0,0,0,0,0,0,0,0,0,,,,
1415218889.05712,pg_catalog,pg_foreign_table,0,0,0,0,0,0,0,0,0,0,0,0,0,0,,,,
1415218889.05712,pg_toast,pg_toast_11620,0,0,0,0,0,0,0,0,0,0,0,0,0,0,,,,
1415218889.05712,pg_catalog,pg_attrdef,0,0,0,0,0,0,0,0,0,0,0,0,0,0,0,0,0,0
1415218889.05712,pg_catalog,pg_ts_template,0,0,0,0,0,0,0,0,0,0,0,0,0,0,,,,
1415218889.05712,pg_catalog,pg_foreign_server,0,0,0,0,0,0,0,0,0,0,0,0,0,0,,,,
1415218889.05712,pg_catalog,pg_default_acl,0,0,556,0,0,0,0,0,0,0,0,0,58,498,,,,
1415218889.05712,pg_toast,pg_toast_11595,0,0,0,0,0,0,0,0,0,0,0,0,0,0,,,,
1415218889.05712,information_schema,sql_packages,0,0,,,0,0,0,0,0,0,0,0,,,0,0,0,0
1415218889.05712,public,part,12,18000000,51,2015421,2000000,0,0,0,2000000,0,132820,450080,5582,144,,,,
1415218889.05712,public,nation,14,150,3310568,3310568,25,0,0,0,25,0,3,3310573,6,3310576,,,,
1415218889.05712,pg_catalog,pg_attribute,374,2482,94948,209535,968,30,790,16,2425,326,1598,105447,486,198422,,,,
1415218889.05712,public,orders,14,120060000,4744595,9306555,15015000,0,0,0,15015000,0,1091742,6984609,97582,14310113,,,,
1415218889.05712,pg_catalog,pg_statistic,0,0,25430,24173,231,565,168,334,447,81,1466,24725,182,54994,4585,24139,73,20891
1415218889.05712,pg_toast,pg_toast_2618,0,0,556,1803,0,0,0,0,0,0,360,609,123,719,,,,
1415218889.05712,pg_toast,pg_toast_3596,0,0,0,0,0,0,0,0,0,0,0,0,0,0,,,,
1415218889.05712,information_schema,sql_features,0,0,,,0,0,0,0,0,0,0,0,,,0,0,0,0
1415218889.05712,pg_catalog,pg_depend,0,0,5632,6020,1071,0,981,0,6294,982,741,6780,1393,14693,,,,
1415218889.05712,public,partsupp,4,24000000,47949,9714315,8000000,0,0,0,8000000,0,511569,2830018,37594,133028,,,,
1415218889.05712,pg_toast,pg_toast_11605,0,0,0,0,0,0,0,0,0,0,0,0,0,0,,,,
1415218889.05712,pg_catalog,pg_opclass,68,68,27027,291919,0,0,0,0,0,0,39,103801,147,33555,,,,
1415218889.05712,pg_catalog,pg_proc,0,0,41374,61224,0,0,0,0,0,0,2659,43348,992,91359,0,0,0,0
1415218889.05712,pg_catalog,pg_trigger,0,0,0,0,0,0,0,0,0,0,0,0,0,0,0,0,0,0
1415218889.05712,information_schema,sql_languages,0,0,,,0,0,0,0,0,0,0,0,,,0,0,0,0
1415218889.05712,pg_catalog,pg_am,4802,4802,0,0,0,0,0,0,0,0,17,4785,0,0,,,,
1415218889.05712,pg_catalog,pg_largeobject_metadata,0,0,0,0,0,0,0,0,0,0,0,0,0,0,,,,
1415218889.05712,pg_catalog,pg_ts_config_map,0,0,0,0,0,0,0,0,0,0,0,0,0,0,,,,
1415218889.05712,pg_catalog,pg_type,0,0,102961,101944,275,0,256,0,349,2,403,102626,658,191001,,,,
1415218889.05712,information_schema,sql_sizing_profiles,0,0,,,0,0,0,0,0,0,0,0,,,0,0,0,0
1415218889.05712,pg_catalog,pg_shdepend,0,0,717,150,0,0,0,0,0,0,63,87,251,736,,,,
1415218889.05712,pg_catalog,pg_conversion,0,0,0,0,0,0,0,0,0,0,0,0,0,0,,,,
1415218889.05712,pg_catalog,pg_foreign_data_wrapper,0,0,0,0,0,0,0,0,0,0,0,0,0,0,,,,
1415218889.05712,pg_catalog,pg_opfamily,0,0,0,0,0,0,0,0,0,0,0,0,0,0,,,,
1415218889.05712,pg_catalog,pg_shdescription,0,0,0,0,0,0,0,0,0,0,0,0,0,0,0,0,0,0
1415218889.05712,pg_catalog,pg_tablespace,2,4,3302,3302,0,0,0,0,0,0,22,3282,44,6560,,,,
1415218889.05712,pg_catalog,pg_inherits,0,0,129,0,0,0,0,0,0,0,0,0,64,65,,,,
1415218889.05712,public,supplier,12,600000,3310571,3314624,100000,0,0,0,100000,0,6670,3328071,570,6638588,,,,
1415218889.05712,pg_toast,pg_toast_2606,0,0,0,0,0,0,0,0,0,0,0,0,0,0,,,,
1415218889.05712,pg_toast,pg_toast_2964,0,0,0,0,0,0,0,0,0,0,0,0,0,0,,,,
1415218889.05712,pg_catalog,pg_database,418,1603,16448,16446,1,0,0,0,1,0,5,16860,68,26025,,,,
1415218889.05712,pg_toast,pg_toast_2620,0,0,0,0,0,0,0,0,0,0,0,0,0,0,,,,
1415218889.05712,information_schema,sql_sizing,0,0,,,0,0,0,0,0,0,0,0,,,0,0,0,0
1415218889.05712,pg_catalog,pg_amproc,68,136,19874,29554,0,0,0,0,0,0,59,19435,51,44379,,,,
1415218889.05712,pg_catalog,pg_collation,0,0,0,0,0,0,0,0,0,0,0,0,0,0,,,,
1415218889.05712,pg_catalog,pg_constraint,0,0,40,16,24,0,16,0,8,16,13,116,24,224,0,0,0,0
1415218889.05712,pg_catalog,pg_range,0,0,1026,0,0,0,0,0,0,0,0,0,152,1900,,,,
1415218889.05712,pg_toast,pg_toast_11600,0,0,0,0,0,0,0,0,0,0,0,0,0,0,,,,
1415218889.05712,pg_toast,pg_toast_11590,0,0,0,0,0,0,0,0,0,0,0,0,0,0,,,,
1415218889.05712,public,region,6244,31195,14,14,5,0,0,0,5,0,3,6252,6,13,,,,
1415218889.05712,information_schema,sql_implementation_info,0,0,,,0,0,0,0,0,0,0,0,,,0,0,0,0
1415218889.05712,pg_catalog,pg_user_mapping,0,0,0,0,0,0,0,0,0,0,0,0,0,0,,,,
1415218889.05712,pg_catalog,pg_largeobject,0,0,0,0,0,0,0,0,0,0,0,0,0,0,,,,
1415218889.05712,pg_catalog,pg_namespace,394,4328,16793,12241,10,0,0,0,10,0,34,12627,335,21584,,,,
1415218889.05712,information_schema,sql_parts,0,0,,,0,0,0,0,0,0,0,0,,,0,0,0,0
1415218889.05712,pg_catalog,pg_authid,158,158,9152,9152,0,0,0,0,0,0,19,9291,80,18224,,,,
1415218889.05712,pg_catalog,pg_index,786,74490,45407,65676,120,0,92,0,138,0,229,50618,100,52796,,,,
1415218889.05712,pg_catalog,pg_ts_dict,0,0,0,0,0,0,0,0,0,0,0,0,0,0,,,,
1415218889.05712,public,customer,11,12000000,64,1173081,1500000,0,0,0,1500000,0,111305,573744,3598,148,,,,
1415218889.05712,pg_catalog,pg_class,1892,406603,122655,114369,259,73,221,71,329,1,609,129852,191,208451,,,,
1415218889.05712,pg_toast,pg_toast_2396,0,0,0,0,0,0,0,0,0,0,0,0,0,0,,,,
1415218889.05712,pg_catalog,pg_enum,0,0,0,0,0,0,0,0,0,0,0,0,0,0,,,,
1415218889.05712,public,time_statistics,14,131,,,17,14,0,14,17,14,2,43,,,,,,
1415218889.05712,pg_catalog,pg_db_role_setting,0,0,14481,0,0,0,0,0,0,0,0,0,17,14464,0,0,0,0
1415218889.05712,pg_catalog,pg_seclabel,0,0,566,0,0,0,0,0,0,0,0,0,57,509,0,0,0,0
1415218889.05712,pg_toast,pg_toast_2609,0,0,0,0,0,0,0,0,0,0,0,0,0,0,,,,
1415218889.05712,pg_toast,pg_toast_1255,0,0,0,0,0,0,0,0,0,0,0,0,0,0,,,,
1415218889.05712,pg_catalog,pg_rewrite,0,0,1401,1182,73,0,73,0,108,1,565,1112,261,2127,360,609,123,719
1415218889.05712,pg_catalog,pg_ts_config,0,0,0,0,0,0,0,0,0,0,0,0,0,0,,,,
1415218889.05712,pg_catalog,pg_extension,0,0,0,0,0,0,0,0,0,0,0,0,0,0,,,,
1415218889.05712,pg_catalog,pg_amop,0,0,40010,57988,0,0,0,0,0,0,75,57913,258,85248,,,,
1415218889.05712,pg_catalog,pg_cast,0,0,144147,35880,0,0,0,0,0,0,57,35823,36,148508,,,,
1415218889.05712,public,lineitem,23,900148482,820666,14244092,60045669,0,0,0,60045448,0,14969662,9892974,339168,4402882,,,,
1415218889.05712,pg_toast,pg_toast_2619,0,0,17782,59457,872,0,621,0,267,8,4585,24139,73,20891,,,,
1415218889.05712,pg_toast,pg_toast_11610,0,0,0,0,0,0,0,0,0,0,0,0,0,0,,,,
1415218889.05712,pg_toast,pg_toast_2604,0,0,0,0,0,0,0,0,0,0,0,0,0,0,,,,
1415218949.06347,pg_catalog,pg_auth_members,0,0,0,0,0,0,0,0,0,0,0,0,0,0,,,,
1415218949.06347,pg_catalog,pg_operator,0,0,34327,170219,0,0,0,0,0,0,410,120113,367,75059,,,,
1415218949.06347,pg_catalog,pg_aggregate,0,0,2345,2345,0,0,0,0,0,0,59,2286,151,3951,,,,
1415218949.06347,pg_catalog,pg_pltemplate,0,0,0,0,0,0,0,0,0,0,0,0,0,0,,,,
1415218949.06347,pg_toast,pg_toast_11615,0,0,0,0,0,0,0,0,0,0,0,0,0,0,,,,
1415218949.06347,pg_catalog,pg_description,0,0,566,0,0,0,0,0,0,0,0,0,178,1083,0,0,0,0
1415218949.06347,pg_catalog,pg_language,0,0,0,0,0,0,0,0,0,0,0,0,0,0,,,,
1415218949.06347,pg_catalog,pg_ts_parser,0,0,0,0,0,0,0,0,0,0,0,0,0,0,,,,
1415218949.06347,pg_catalog,pg_shseclabel,0,0,0,0,0,0,0,0,0,0,0,0,0,0,,,,
1415218949.06347,pg_catalog,pg_foreign_table,0,0,0,0,0,0,0,0,0,0,0,0,0,0,,,,
1415218949.06347,pg_toast,pg_toast_11620,0,0,0,0,0,0,0,0,0,0,0,0,0,0,,,,
1415218949.06347,pg_catalog,pg_attrdef,0,0,0,0,0,0,0,0,0,0,0,0,0,0,0,0,0,0
1415218949.06347,pg_catalog,pg_ts_template,0,0,0,0,0,0,0,0,0,0,0,0,0,0,,,,
1415218949.06347,pg_catalog,pg_foreign_server,0,0,0,0,0,0,0,0,0,0,0,0,0,0,,,,
1415218949.06347,pg_catalog,pg_default_acl,0,0,556,0,0,0,0,0,0,0,0,0,58,498,,,,
1415218949.06347,pg_toast,pg_toast_11595,0,0,0,0,0,0,0,0,0,0,0,0,0,0,,,,
1415218949.06347,information_schema,sql_packages,0,0,,,0,0,0,0,0,0,0,0,,,0,0,0,0
1415218949.06347,public,part,12,18000000,61,2335801,2000000,0,0,0,2000000,0,173331,450083,6481,153,,,,
1415218949.06347,public,nation,16,200,3310572,3310572,25,0,0,0,25,0,4,3310578,8,3310579,,,,
1415218949.06347,pg_catalog,pg_attribute,374,2482,95232,210059,968,30,790,16,2425,326,1599,105734,486,199005,,,,
1415218949.06347,public,orders,14,120060000,4744598,9879694,15015000,0,0,0,15015000,0,1115937,7188788,99150,14310120,,,,
1415218949.06347,pg_catalog,pg_statistic,0,0,25487,24215,231,565,168,334,447,81,1469,24764,182,55119,4604,24154,73,20922
1415218949.06347,pg_toast,pg_toast_2618,0,0,560,1816,0,0,0,0,0,0,360,616,123,725,,,,
1415218949.06347,pg_toast,pg_toast_3596,0,0,0,0,0,0,0,0,0,0,0,0,0,0,,,,
1415218949.06347,information_schema,sql_features,0,0,,,0,0,0,0,0,0,0,0,,,0,0,0,0
1415218949.06347,pg_catalog,pg_depend,0,0,5632,6020,1071,0,981,0,6294,982,741,6780,1393,14693,,,,
1415218949.06347,public,partsupp,5,32000000,55827,10343765,8000000,0,0,0,8000000,0,827056,3314939,42104,153962,,,,
1415218949.06347,pg_toast,pg_toast_11605,0,0,0,0,0,0,0,0,0,0,0,0,0,0,,,,
1415218949.06347,pg_catalog,pg_opclass,68,68,27089,292669,0,0,0,0,0,0,39,104063,147,33638,,,,
1415218949.06347,pg_catalog,pg_proc,0,0,41501,61395,0,0,0,0,0,0,2662,43488,993,91645,0,0,0,0
1415218949.06347,pg_catalog,pg_trigger,0,0,0,0,0,0,0,0,0,0,0,0,0,0,0,0,0,0
1415218949.06347,information_schema,sql_languages,0,0,,,0,0,0,0,0,0,0,0,,,0,0,0,0
1415218949.06347,pg_catalog,pg_am,4817,4817,0,0,0,0,0,0,0,0,17,4800,0,0,,,,
1415218949.06347,pg_catalog,pg_largeobject_metadata,0,0,0,0,0,0,0,0,0,0,0,0,0,0,,,,
1415218949.06347,pg_catalog,pg_ts_config_map,0,0,0,0,0,0,0,0,0,0,0,0,0,0,,,,
1415218949.06347,pg_catalog,pg_type,0,0,103233,102214,275,0,256,0,349,2,403,102896,658,191563,,,,
1415218949.06347,information_schema,sql_sizing_profiles,0,0,,,0,0,0,0,0,0,0,0,,,0,0,0,0
1415218949.06347,pg_catalog,pg_shdepend,0,0,717,150,0,0,0,0,0,0,63,87,251,736,,,,
1415218949.06347,pg_catalog,pg_conversion,0,0,0,0,0,0,0,0,0,0,0,0,0,0,,,,
1415218949.06347,pg_catalog,pg_foreign_data_wrapper,0,0,0,0,0,0,0,0,0,0,0,0,0,0,,,,
1415218949.06347,pg_catalog,pg_opfamily,0,0,0,0,0,0,0,0,0,0,0,0,0,0,,,,
1415218949.06347,pg_catalog,pg_shdescription,0,0,0,0,0,0,0,0,0,0,0,0,0,0,0,0,0,0
1415218949.06347,pg_catalog,pg_tablespace,2,4,3313,3313,0,0,0,0,0,0,22,3293,44,6582,,,,
1415218949.06347,pg_catalog,pg_inherits,0,0,129,0,0,0,0,0,0,0,0,0,64,65,,,,
1415218949.06347,public,supplier,12,600000,3310582,3322556,100000,0,0,0,100000,0,8515,3329979,589,6638613,,,,
1415218949.06347,pg_toast,pg_toast_2606,0,0,0,0,0,0,0,0,0,0,0,0,0,0,,,,
1415218949.06347,pg_toast,pg_toast_2964,0,0,0,0,0,0,0,0,0,0,0,0,0,0,,,,
1415218949.06347,pg_catalog,pg_database,421,1615,16502,16500,1,0,0,0,1,0,5,16917,68,26111,,,,
1415218949.06347,pg_toast,pg_toast_2620,0,0,0,0,0,0,0,0,0,0,0,0,0,0,,,,
1415218949.06347,information_schema,sql_sizing,0,0,,,0,0,0,0,0,0,0,0,,,0,0,0,0
1415218949.06347,pg_catalog,pg_amproc,68,136,19925,29625,0,0,0,0,0,0,59,19483,51,44496,,,,
1415218949.06347,pg_catalog,pg_collation,0,0,0,0,0,0,0,0,0,0,0,0,0,0,,,,
1415218949.06347,pg_catalog,pg_constraint,0,0,40,16,24,0,16,0,8,16,13,116,24,224,0,0,0,0
1415218949.06347,pg_catalog,pg_range,0,0,1029,0,0,0,0,0,0,0,0,0,152,1906,,,,
1415218949.06347,pg_toast,pg_toast_11600,0,0,0,0,0,0,0,0,0,0,0,0,0,0,,,,
1415218949.06347,pg_toast,pg_toast_11590,0,0,0,0,0,0,0,0,0,0,0,0,0,0,,,,
1415218949.06347,public,region,6244,31195,14,14,5,0,0,0,5,0,3,6252,6,13,,,,
1415218949.06347,information_schema,sql_implementation_info,0,0,,,0,0,0,0,0,0,0,0,,,0,0,0,0
1415218949.06347,pg_catalog,pg_user_mapping,0,0,0,0,0,0,0,0,0,0,0,0,0,0,,,,
1415218949.06347,pg_catalog,pg_largeobject,0,0,0,0,0,0,0,0,0,0,0,0,0,0,,,,
1415218949.06347,pg_catalog,pg_namespace,396,4360,16972,12406,10,0,0,0,10,0,34,12794,336,21778,,,,
1415218949.06347,information_schema,sql_parts,0,0,,,0,0,0,0,0,0,0,0,,,0,0,0,0
1415218949.06347,pg_catalog,pg_authid,159,159,9180,9180,0,0,0,0,0,0,19,9320,80,18280,,,,
1415218949.06347,pg_catalog,pg_index,790,75042,45491,65789,120,0,92,0,138,0,229,50737,100,52903,,,,
1415218949.06347,pg_catalog,pg_ts_dict,0,0,0,0,0,0,0,0,0,0,0,0,0,0,,,,
1415218949.06347,public,customer,11,12000000,64,1173081,1500000,0,0,0,1500000,0,111305,573744,3598,148,,,,
1415218949.06347,pg_catalog,pg_class,1903,409620,123106,114806,259,73,221,71,329,1,609,130378,191,209383,,,,
1415218949.06347,pg_toast,pg_toast_2396,0,0,0,0,0,0,0,0,0,0,0,0,0,0,,,,
1415218949.06347,pg_catalog,pg_enum,0,0,0,0,0,0,0,0,0,0,0,0,0,0,,,,
1415218949.06347,public,time_statistics,17,185,,,20,17,0,17,20,17,2,52,,,,,,
1415218949.06347,pg_catalog,pg_db_role_setting,0,0,14529,0,0,0,0,0,0,0,0,0,17,14512,0,0,0,0
1415218949.06347,pg_catalog,pg_seclabel,0,0,566,0,0,0,0,0,0,0,0,0,57,509,0,0,0,0
1415218949.06347,pg_toast,pg_toast_2609,0,0,0,0,0,0,0,0,0,0,0,0,0,0,,,,
1415218949.06347,pg_toast,pg_toast_1255,0,0,0,0,0,0,0,0,0,0,0,0,0,0,,,,
1415218949.06347,pg_catalog,pg_rewrite,0,0,1408,1189,73,0,73,0,108,1,567,1117,261,2139,360,616,123,725
1415218949.06347,pg_catalog,pg_ts_config,0,0,0,0,0,0,0,0,0,0,0,0,0,0,,,,
1415218949.06347,pg_catalog,pg_extension,0,0,0,0,0,0,0,0,0,0,0,0,0,0,,,,
1415218949.06347,pg_catalog,pg_amop,0,0,40105,58121,0,0,0,0,0,0,75,58046,258,85455,,,,
1415218949.06347,pg_catalog,pg_cast,0,0,144489,35967,0,0,0,0,0,0,57,35910,36,148864,,,,
1415218949.06347,public,lineitem,23,900148482,820669,52211210,60045669,0,0,0,60045448,0,15990193,10033299,443001,4402891,,,,
1415218949.06347,pg_toast,pg_toast_2619,0,0,17807,59536,872,0,621,0,267,8,4604,24154,73,20922,,,,
1415218949.06347,pg_toast,pg_toast_11610,0,0,0,0,0,0,0,0,0,0,0,0,0,0,,,,
1415218949.06347,pg_toast,pg_toast_2604,0,0,0,0,0,0,0,0,0,0,0,0,0,0,,,,
1415219009.06133,pg_catalog,pg_auth_members,0,0,0,0,0,0,0,0,0,0,0,0,0,0,,,,
1415219009.06133,pg_catalog,pg_operator,0,0,34367,170357,0,0,0,0,0,0,410,120213,369,75148,,,,
1415219009.06133,pg_catalog,pg_aggregate,0,0,2348,2348,0,0,0,0,0,0,59,2289,151,3956,,,,
1415219009.06133,pg_catalog,pg_pltemplate,0,0,0,0,0,0,0,0,0,0,0,0,0,0,,,,
1415219009.06133,pg_toast,pg_toast_11615,0,0,0,0,0,0,0,0,0,0,0,0,0,0,,,,
1415219009.06133,pg_catalog,pg_description,0,0,570,0,0,0,0,0,0,0,0,0,181,1089,0,0,0,0
1415219009.06133,pg_catalog,pg_language,0,0,0,0,0,0,0,0,0,0,0,0,0,0,,,,
1415219009.06133,pg_catalog,pg_ts_parser,0,0,0,0,0,0,0,0,0,0,0,0,0,0,,,,
1415219009.06133,pg_catalog,pg_shseclabel,0,0,0,0,0,0,0,0,0,0,0,0,0,0,,,,
1415219009.06133,pg_catalog,pg_foreign_table,0,0,0,0,0,0,0,0,0,0,0,0,0,0,,,,
1415219009.06133,pg_toast,pg_toast_11620,0,0,0,0,0,0,0,0,0,0,0,0,0,0,,,,
1415219009.06133,pg_catalog,pg_attrdef,0,0,0,0,0,0,0,0,0,0,0,0,0,0,0,0,0,0
1415219009.06133,pg_catalog,pg_ts_template,0,0,0,0,0,0,0,0,0,0,0,0,0,0,,,,
1415219009.06133,pg_catalog,pg_foreign_server,0,0,0,0,0,0,0,0,0,0,0,0,0,0,,,,
1415219009.06133,pg_catalog,pg_default_acl,0,0,560,0,0,0,0,0,0,0,0,0,59,501,,,,
1415219009.06133,pg_toast,pg_toast_11595,0,0,0,0,0,0,0,0,0,0,0,0,0,0,,,,
1415219009.06133,information_schema,sql_packages,0,0,,,0,0,0,0,0,0,0,0,,,0,0,0,0
1415219009.06133,public,part,12,18000000,61,2335801,2000000,0,0,0,2000000,0,173331,450083,6481,153,,,,
1415219009.06133,public,nation,16,200,3310572,3310572,25,0,0,0,25,0,4,3310578,8,3310579,,,,
1415219009.06133,pg_catalog,pg_attribute,374,2482,95478,210507,970,30,792,16,2425,328,1606,105983,489,199512,,,,
1415219009.06133,public,orders,14,120060000,4744598,9879694,15015000,0,0,0,15015000,0,1115937,7188788,99150,14310120,,,,
1415219009.06133,pg_catalog,pg_statistic,0,0,25531,24249,231,572,168,341,447,88,1472,24802,182,55214,4622,24178,73,20949
1415219009.06133,pg_toast,pg_toast_2618,0,0,564,1829,0,0,0,0,0,0,365,618,124,730,,,,
1415219009.06133,pg_toast,pg_toast_3596,0,0,0,0,0,0,0,0,0,0,0,0,0,0,,,,
1415219009.06133,information_schema,sql_features,0,0,,,0,0,0,0,0,0,0,0,,,0,0,0,0
1415219009.06133,pg_catalog,pg_depend,0,0,5676,6072,1080,0,990,0,6294,991,794,6838,1413,14799,,,,
1415219009.06133,public,partsupp,5,32000000,55827,10343765,8000000,0,0,0,8000000,0,827056,3314939,42104,153962,,,,
1415219009.06133,pg_toast,pg_toast_11605,0,0,0,0,0,0,0,0,0,0,0,0,0,0,,,,
1415219009.06133,pg_catalog,pg_opclass,68,68,27120,292976,0,0,0,0,0,0,39,104157,147,33682,,,,
1415219009.06133,pg_catalog,pg_proc,0,0,41596,61544,0,0,0,0,0,0,2666,43593,994,91853,0,0,0,0
1415219009.06133,pg_catalog,pg_trigger,0,0,0,0,0,0,0,0,0,0,0,0,0,0,0,0,0,0
1415219009.06133,information_schema,sql_languages,0,0,,,0,0,0,0,0,0,0,0,,,0,0,0,0
1415219009.06133,pg_catalog,pg_am,4826,4826,0,0,0,0,0,0,0,0,17,4809,0,0,,,,
1415219009.06133,pg_catalog,pg_largeobject_metadata,0,0,0,0,0,0,0,0,0,0,0,0,0,0,,,,
1415219009.06133,pg_catalog,pg_ts_config_map,0,0,0,0,0,0,0,0,0,0,0,0,0,0,,,,
1415219009.06133,pg_catalog,pg_type,0,0,103386,102362,277,0,258,0,349,4,407,103049,662,191882,,,,
1415219009.06133,information_schema,sql_sizing_profiles,0,0,,,0,0,0,0,0,0,0,0,,,0,0,0,0
1415219009.06133,pg_catalog,pg_shdepend,0,0,722,151,0,0,0,0,0,0,64,87,255,739,,,,
1415219009.06133,pg_catalog,pg_conversion,0,0,0,0,0,0,0,0,0,0,0,0,0,0,,,,
1415219009.06133,pg_catalog,pg_foreign_data_wrapper,0,0,0,0,0,0,0,0,0,0,0,0,0,0,,,,
1415219009.06133,pg_catalog,pg_opfamily,0,0,0,0,0,0,0,0,0,0,0,0,0,0,,,,
1415219009.06133,pg_catalog,pg_shdescription,0,0,0,0,0,0,0,0,0,0,0,0,0,0,0,0,0,0
1415219009.06133,pg_catalog,pg_tablespace,2,4,3319,3319,0,0,0,0,0,0,22,3299,44,6594,,,,
1415219009.06133,pg_catalog,pg_inherits,0,0,130,0,0,0,0,0,0,0,0,0,65,65,,,,
1415219009.06133,public,supplier,12,600000,3310583,3384521,100000,0,0,0,100000,0,8716,3331298,758,6638616,,,,
1415219009.06133,pg_toast,pg_toast_2606,0,0,0,0,0,0,0,0,0,0,0,0,0,0,,,,
1415219009.06133,pg_toast,pg_toast_2964,0,0,0,0,0,0,0,0,0,0,0,0,0,0,,,,
1415219009.06133,pg_catalog,pg_database,424,1627,16539,16537,1,0,0,0,1,0,5,16957,68,26168,,,,
1415219009.06133,pg_toast,pg_toast_2620,0,0,0,0,0,0,0,0,0,0,0,0,0,0,,,,
1415219009.06133,information_schema,sql_sizing,0,0,,,0,0,0,0,0,0,0,0,,,0,0,0,0
1415219009.06133,pg_catalog,pg_amproc,68,136,19952,29666,0,0,0,0,0,0,59,19509,51,44559,,,,
1415219009.06133,pg_catalog,pg_collation,0,0,0,0,0,0,0,0,0,0,0,0,0,0,,,,
1415219009.06133,pg_catalog,pg_constraint,0,0,40,16,24,0,16,0,8,16,13,116,24,224,0,0,0,0
1415219009.06133,pg_catalog,pg_range,0,0,1030,0,0,0,0,0,0,0,0,0,152,1908,,,,
1415219009.06133,pg_toast,pg_toast_11600,0,0,0,0,0,0,0,0,0,0,0,0,0,0,,,,
1415219009.06133,pg_toast,pg_toast_11590,0,0,0,0,0,0,0,0,0,0,0,0,0,0,,,,
1415219009.06133,public,region,6244,31195,14,14,5,0,0,0,5,0,3,6252,6,13,,,,
1415219009.06133,information_schema,sql_implementation_info,0,0,,,0,0,0,0,0,0,0,0,,,0,0,0,0
1415219009.06133,pg_catalog,pg_user_mapping,0,0,0,0,0,0,0,0,0,0,0,0,0,0,,,,
1415219009.06133,pg_catalog,pg_largeobject,0,0,0,0,0,0,0,0,0,0,0,0,0,0,,,,
1415219009.06133,pg_catalog,pg_namespace,398,4392,17133,12560,10,0,0,0,10,0,34,12950,336,21949,,,,
1415219009.06133,information_schema,sql_parts,0,0,,,0,0,0,0,0,0,0,0,,,0,0,0,0
1415219009.06133,pg_catalog,pg_authid,160,160,9197,9197,0,0,0,0,0,0,19,9338,80,18314,,,,
1415219009.06133,pg_catalog,pg_index,794,75594,45559,65881,120,0,92,0,138,0,229,50836,100,52986,,,,
1415219009.06133,pg_catalog,pg_ts_dict,0,0,0,0,0,0,0,0,0,0,0,0,0,0,,,,
1415219009.06133,public,customer,11,12000000,64,1173081,1500000,0,0,0,1500000,0,111305,573744,3598,148,,,,
1415219009.06133,pg_catalog,pg_class,1913,412311,123502,115195,260,74,222,72,329,3,613,130854,191,210196,,,,
1415219009.06133,pg_toast,pg_toast_2396,0,0,0,0,0,0,0,0,0,0,0,0,0,0,,,,
1415219009.06133,pg_catalog,pg_enum,0,0,0,0,0,0,0,0,0,0,0,0,0,0,,,,
1415219009.06133,public,time_statistics,18,205,,,21,18,0,18,21,18,2,55,,,,,,
1415219009.06133,pg_catalog,pg_db_role_setting,0,0,14559,0,0,0,0,0,0,0,0,0,17,14542,0,0,0,0
1415219009.06133,pg_catalog,pg_seclabel,0,0,570,0,0,0,0,0,0,0,0,0,58,512,0,0,0,0
1415219009.06133,pg_toast,pg_toast_2609,0,0,0,0,0,0,0,0,0,0,0,0,0,0,,,,
1415219009.06133,pg_toast,pg_toast_1255,0,0,0,0,0,0,0,0,0,0,0,0,0,0,,,,
1415219009.06133,pg_catalog,pg_rewrite,0,0,1420,1198,74,0,74,0,108,2,574,1125,263,2157,365,618,124,730
1415219009.06133,pg_catalog,pg_ts_config,0,0,0,0,0,0,0,0,0,0,0,0,0,0,,,,
1415219009.06133,pg_catalog,pg_extension,0,0,0,0,0,0,0,0,0,0,0,0,0,0,,,,
1415219009.06133,pg_catalog,pg_amop,0,0,40154,58183,0,0,0,0,0,0,75,58108,259,85563,,,,
1415219009.06133,pg_catalog,pg_cast,0,0,144647,36021,0,0,0,0,0,0,57,35964,36,149030,,,,
1415219009.06133,public,lineitem,23,900148482,820671,56705556,60045669,0,0,0,60045448,0,16565943,10761841,449140,4409029,,,,
1415219009.06133,pg_toast,pg_toast_2619,0,0,17826,59597,876,0,625,0,267,12,4622,24178,73,20949,,,,
1415219009.06133,pg_toast,pg_toast_11610,0,0,0,0,0,0,0,0,0,0,0,0,0,0,,,,
1415219009.06133,pg_toast,pg_toast_2604,0,0,0,0,0,0,0,0,0,0,0,0,0,0,,,,
1415219069.0669,pg_catalog,pg_auth_members,0,0,0,0,0,0,0,0,0,0,0,0,0,0,,,,
1415219069.0669,pg_catalog,pg_operator,0,0,34456,170890,0,0,0,0,0,0,410,120582,370,75346,,,,
1415219069.0669,pg_catalog,pg_aggregate,0,0,2355,2355,0,0,0,0,0,0,59,2296,151,3967,,,,
1415219069.0669,pg_catalog,pg_pltemplate,0,0,0,0,0,0,0,0,0,0,0,0,0,0,,,,
1415219069.0669,pg_toast,pg_toast_11615,0,0,0,0,0,0,0,0,0,0,0,0,0,0,,,,
1415219069.0669,pg_catalog,pg_description,0,0,570,0,0,0,0,0,0,0,0,0,181,1089,0,0,0,0
1415219069.0669,pg_catalog,pg_language,0,0,0,0,0,0,0,0,0,0,0,0,0,0,,,,
1415219069.0669,pg_catalog,pg_ts_parser,0,0,0,0,0,0,0,0,0,0,0,0,0,0,,,,
1415219069.0669,pg_catalog,pg_shseclabel,0,0,0,0,0,0,0,0,0,0,0,0,0,0,,,,
1415219069.0669,pg_catalog,pg_foreign_table,0,0,0,0,0,0,0,0,0,0,0,0,0,0,,,,
1415219069.0669,pg_toast,pg_toast_11620,0,0,0,0,0,0,0,0,0,0,0,0,0,0,,,,
1415219069.0669,pg_catalog,pg_attrdef,0,0,0,0,0,0,0,0,0,0,0,0,0,0,0,0,0,0
1415219069.0669,pg_catalog,pg_ts_template,0,0,0,0,0,0,0,0,0,0,0,0,0,0,,,,
1415219069.0669,pg_catalog,pg_foreign_server,0,0,0,0,0,0,0,0,0,0,0,0,0,0,,,,
1415219069.0669,pg_catalog,pg_default_acl,0,0,560,0,0,0,0,0,0,0,0,0,59,501,,,,
1415219069.0669,pg_toast,pg_toast_11595,0,0,0,0,0,0,0,0,0,0,0,0,0,0,,,,
1415219069.0669,information_schema,sql_packages,0,0,,,0,0,0,0,0,0,0,0,,,0,0,0,0
1415219069.0669,public,part,12,18000000,77,2346014,2000000,0,0,0,2000000,0,182369,450083,7752,713,,,,
1415219069.0669,public,nation,17,225,3310574,3310574,25,0,0,0,25,0,4,3310581,8,3310582,,,,
1415219069.0669,pg_catalog,pg_attribute,374,2482,95777,211076,970,30,792,16,2425,328,1607,106285,489,200127,,,,
1415219069.0669,public,orders,14,120060000,4744601,10447549,15015000,0,0,0,15015000,0,1306563,7225802,100710,14310121,,,,
1415219069.0669,pg_catalog,pg_statistic,0,0,25599,24304,231,572,168,341,447,88,1476,24853,182,55361,4640,24207,73,20986
1415219069.0669,pg_toast,pg_toast_2618,0,0,568,1842,0,0,0,0,0,0,365,625,124,736,,,,
1415219069.0669,pg_toast,pg_toast_3596,0,0,0,0,0,0,0,0,0,0,0,0,0,0,,,,
1415219069.0669,information_schema,sql_features,0,0,,,0,0,0,0,0,0,0,0,,,0,0,0,0
1415219069.0669,pg_catalog,pg_depend,0,0,5676,6072,1080,0,990,0,6294,991,794,6838,1413,14799,,,,
1415219069.0669,public,partsupp,5,32000000,55827,10343765,8000000,0,0,0,8000000,0,827056,3314939,42104,153962,,,,
1415219069.0669,pg_toast,pg_toast_11605,0,0,0,0,0,0,0,0,0,0,0,0,0,0,,,,
1415219069.0669,pg_catalog,pg_opclass,68,68,27191,293775,0,0,0,0,0,0,39,104436,147,33775,,,,
1415219069.0669,pg_catalog,pg_proc,0,0,41748,61759,0,0,0,0,0,0,2671,43758,996,92188,0,0,0,0
1415219069.0669,pg_catalog,pg_trigger,0,0,0,0,0,0,0,0,0,0,0,0,0,0,0,0,0,0
1415219069.0669,information_schema,sql_languages,0,0,,,0,0,0,0,0,0,0,0,,,0,0,0,0
1415219069.0669,pg_catalog,pg_am,4841,4841,0,0,0,0,0,0,0,0,17,4824,0,0,,,,
1415219069.0669,pg_catalog,pg_largeobject_metadata,0,0,0,0,0,0,0,0,0,0,0,0,0,0,,,,
1415219069.0669,pg_catalog,pg_ts_config_map,0,0,0,0,0,0,0,0,0,0,0,0,0,0,,,,
1415219069.0669,pg_catalog,pg_type,0,0,103717,102693,277,0,258,0,349,4,407,103380,662,192560,,,,
1415219069.0669,information_schema,sql_sizing_profiles,0,0,,,0,0,0,0,0,0,0,0,,,0,0,0,0
1415219069.0669,pg_catalog,pg_shdepend,0,0,722,151,0,0,0,0,0,0,64,87,255,739,,,,
1415219069.0669,pg_catalog,pg_conversion,0,0,0,0,0,0,0,0,0,0,0,0,0,0,,,,
1415219069.0669,pg_catalog,pg_foreign_data_wrapper,0,0,0,0,0,0,0,0,0,0,0,0,0,0,,,,
1415219069.0669,pg_catalog,pg_opfamily,0,0,0,0,0,0,0,0,0,0,0,0,0,0,,,,
1415219069.0669,pg_catalog,pg_shdescription,0,0,0,0,0,0,0,0,0,0,0,0,0,0,0,0,0,0
1415219069.0669,pg_catalog,pg_tablespace,2,4,3330,3330,0,0,0,0,0,0,22,3310,44,6616,,,,
1415219069.0669,pg_catalog,pg_inherits,0,0,130,0,0,0,0,0,0,0,0,0,65,65,,,,
1415219069.0669,public,supplier,12,600000,3310583,3384521,100000,0,0,0,100000,0,8716,3331298,758,6638616,,,,
1415219069.0669,pg_toast,pg_toast_2606,0,0,0,0,0,0,0,0,0,0,0,0,0,0,,,,
1415219069.0669,pg_toast,pg_toast_2964,0,0,0,0,0,0,0,0,0,0,0,0,0,0,,,,
1415219069.0669,pg_catalog,pg_database,427,1639,16589,16587,1,0,0,0,1,0,5,17010,68,26250,,,,
1415219069.0669,pg_toast,pg_toast_2620,0,0,0,0,0,0,0,0,0,0,0,0,0,0,,,,
1415219069.0669,information_schema,sql_sizing,0,0,,,0,0,0,0,0,0,0,0,,,0,0,0,0
1415219069.0669,pg_catalog,pg_amproc,68,136,20005,29746,0,0,0,0,0,0,59,19561,51,44680,,,,
1415219069.0669,pg_catalog,pg_collation,0,0,0,0,0,0,0,0,0,0,0,0,0,0,,,,
1415219069.0669,pg_catalog,pg_constraint,0,0,40,16,24,0,16,0,8,16,13,116,24,224,0,0,0,0
1415219069.0669,pg_catalog,pg_range,0,0,1033,0,0,0,0,0,0,0,0,0,154,1912,,,,
1415219069.0669,pg_toast,pg_toast_11600,0,0,0,0,0,0,0,0,0,0,0,0,0,0,,,,
1415219069.0669,pg_toast,pg_toast_11590,0,0,0,0,0,0,0,0,0,0,0,0,0,0,,,,
1415219069.0669,public,region,6244,31195,14,14,5,0,0,0,5,0,3,6252,6,13,,,,
1415219069.0669,information_schema,sql_implementation_info,0,0,,,0,0,0,0,0,0,0,0,,,0,0,0,0
1415219069.0669,pg_catalog,pg_user_mapping,0,0,0,0,0,0,0,0,0,0,0,0,0,0,,,,
1415219069.0669,pg_catalog,pg_largeobject,0,0,0,0,0,0,0,0,0,0,0,0,0,0,,,,
1415219069.0669,pg_catalog,pg_namespace,400,4424,17312,12725,10,0,0,0,10,0,34,13117,336,22143,,,,
1415219069.0669,information_schema,sql_parts,0,0,,,0,0,0,0,0,0,0,0,,,0,0,0,0
1415219069.0669,pg_catalog,pg_authid,160,160,9225,9225,0,0,0,0,0,0,19,9366,80,18370,,,,
1415219069.0669,pg_catalog,pg_index,798,76146,45653,66015,120,0,92,0,138,0,229,50977,100,53103,,,,
1415219069.0669,pg_catalog,pg_ts_dict,0,0,0,0,0,0,0,0,0,0,0,0,0,0,,,,
1415219069.0669,public,customer,12,13500000,68,1173085,1500000,0,0,0,1500000,0,146583,573748,3604,155,,,,
1415219069.0669,pg_catalog,pg_class,1925,415654,123961,115641,260,74,222,72,329,2,613,131397,191,211144,,,,
1415219069.0669,pg_toast,pg_toast_2396,0,0,0,0,0,0,0,0,0,0,0,0,0,0,,,,
1415219069.0669,pg_catalog,pg_enum,0,0,0,0,0,0,0,0,0,0,0,0,0,0,,,,
1415219069.0669,public,time_statistics,21,271,,,24,21,0,21,24,21,2,64,,,,,,
1415219069.0669,pg_catalog,pg_db_role_setting,0,0,14607,0,0,0,0,0,0,0,0,0,17,14590,0,0,0,0
1415219069.0669,pg_catalog,pg_seclabel,0,0,570,0,0,0,0,0,0,0,0,0,58,512,0,0,0,0
1415219069.0669,pg_toast,pg_toast_2609,0,0,0,0,0,0,0,0,0,0,0,0,0,0,,,,
1415219069.0669,pg_toast,pg_toast_1255,0,0,0,0,0,0,0,0,0,0,0,0,0,0,,,,
1415219069.0669,pg_catalog,pg_rewrite,0,0,1427,1205,74,0,74,0,108,2,575,1131,263,2169,365,625,124,736
1415219069.0669,pg_catalog,pg_ts_config,0,0,0,0,0,0,0,0,0,0,0,0,0,0,,,,
1415219069.0669,pg_catalog,pg_extension,0,0,0,0,0,0,0,0,0,0,0,0,0,0,,,,
1415219069.0669,pg_catalog,pg_amop,0,0,40262,58337,0,0,0,0,0,0,75,58262,259,85796,,,,
1415219069.0669,pg_catalog,pg_cast,0,0,145064,36116,0,0,0,0,0,0,57,36059,36,149461,,,,
1415219069.0669,public,lineitem,24,960194151,841098,71572109,60045669,0,0,0,60045448,0,17812622,11728408,503145,4480384,,,,
1415219069.0669,pg_toast,pg_toast_2619,0,0,17856,59708,876,0,625,0,267,12,4640,24207,73,20986,,,,
1415219069.0669,pg_toast,pg_toast_11610,0,0,0,0,0,0,0,0,0,0,0,0,0,0,,,,
1415219069.0669,pg_toast,pg_toast_2604,0,0,0,0,0,0,0,0,0,0,0,0,0,0,,,,
1415219129.07112,pg_catalog,pg_auth_members,0,0,0,0,0,0,0,0,0,0,0,0,0,0,,,,
1415219129.07112,pg_catalog,pg_operator,0,0,34497,171029,0,0,0,0,0,0,410,120683,371,75439,,,,
1415219129.07112,pg_catalog,pg_aggregate,0,0,2357,2357,0,0,0,0,0,0,59,2298,151,3971,,,,
1415219129.07112,pg_catalog,pg_pltemplate,0,0,0,0,0,0,0,0,0,0,0,0,0,0,,,,
1415219129.07112,pg_toast,pg_toast_11615,0,0,0,0,0,0,0,0,0,0,0,0,0,0,,,,
1415219129.07112,pg_catalog,pg_description,0,0,570,0,0,0,0,0,0,0,0,0,181,1089,0,0,0,0
1415219129.07112,pg_catalog,pg_language,0,0,0,0,0,0,0,0,0,0,0,0,0,0,,,,
1415219129.07112,pg_catalog,pg_ts_parser,0,0,0,0,0,0,0,0,0,0,0,0,0,0,,,,
1415219129.07112,pg_catalog,pg_shseclabel,0,0,0,0,0,0,0,0,0,0,0,0,0,0,,,,
1415219129.07112,pg_catalog,pg_foreign_table,0,0,0,0,0,0,0,0,0,0,0,0,0,0,,,,
1415219129.07112,pg_toast,pg_toast_11620,0,0,0,0,0,0,0,0,0,0,0,0,0,0,,,,
1415219129.07112,pg_catalog,pg_attrdef,0,0,0,0,0,0,0,0,0,0,0,0,0,0,0,0,0,0
1415219129.07112,pg_catalog,pg_ts_template,0,0,0,0,0,0,0,0,0,0,0,0,0,0,,,,
1415219129.07112,pg_catalog,pg_foreign_server,0,0,0,0,0,0,0,0,0,0,0,0,0,0,,,,
1415219129.07112,pg_catalog,pg_default_acl,0,0,560,0,0,0,0,0,0,0,0,0,59,501,,,,
1415219129.07112,pg_toast,pg_toast_11595,0,0,0,0,0,0,0,0,0,0,0,0,0,0,,,,
1415219129.07112,information_schema,sql_packages,0,0,,,0,0,0,0,0,0,0,0,,,0,0,0,0
1415219129.07112,public,part,12,18000000,77,2346014,2000000,0,0,0,2000000,0,182369,450083,7752,713,,,,
1415219129.07112,public,nation,17,225,3310583,3310607,25,0,0,0,25,0,4,3310590,9,3310591,,,,
1415219129.07112,pg_catalog,pg_attribute,374,2482,96023,211514,970,30,792,16,2425,328,1607,106534,489,200629,,,,
1415219129.07112,public,orders,14,120060000,4744606,12726447,15015000,0,0,0,15015000,0,1560071,7225808,106941,14310128,,,,
1415219129.07112,pg_catalog,pg_statistic,0,0,25645,24341,231,572,168,341,447,88,1478,24888,182,55460,4646,24221,73,21006
1415219129.07112,pg_toast,pg_toast_2618,0,0,572,1855,0,0,0,0,0,0,368,629,124,742,,,,
1415219129.07112,pg_toast,pg_toast_3596,0,0,0,0,0,0,0,0,0,0,0,0,0,0,,,,
1415219129.07112,information_schema,sql_features,0,0,,,0,0,0,0,0,0,0,0,,,0,0,0,0
1415219129.07112,pg_catalog,pg_depend,0,0,5676,6072,1080,0,990,0,6294,991,794,6838,1413,14799,,,,
1415219129.07112,public,partsupp,5,32000000,55827,10343765,8000000,0,0,0,8000000,0,827056,3314939,42104,153962,,,,
1415219129.07112,pg_toast,pg_toast_11605,0,0,0,0,0,0,0,0,0,0,0,0,0,0,,,,
1415219129.07112,pg_catalog,pg_opclass,68,68,27224,294116,0,0,0,0,0,0,39,104554,147,33821,,,,
1415219129.07112,pg_catalog,pg_proc,0,0,41849,61902,0,0,0,0,0,0,2676,43870,996,92411,0,0,0,0
1415219129.07112,pg_catalog,pg_trigger,0,0,0,0,0,0,0,0,0,0,0,0,0,0,0,0,0,0
1415219129.07112,information_schema,sql_languages,0,0,,,0,0,0,0,0,0,0,0,,,0,0,0,0
1415219129.07112,pg_catalog,pg_am,4850,4850,0,0,0,0,0,0,0,0,17,4833,0,0,,,,
1415219129.07112,pg_catalog,pg_largeobject_metadata,0,0,0,0,0,0,0,0,0,0,0,0,0,0,,,,
1415219129.07112,pg_catalog,pg_ts_config_map,0,0,0,0,0,0,0,0,0,0,0,0,0,0,,,,
1415219129.07112,pg_catalog,pg_type,0,0,103880,102856,277,0,258,0,349,4,407,103543,663,192894,,,,
1415219129.07112,information_schema,sql_sizing_profiles,0,0,,,0,0,0,0,0,0,0,0,,,0,0,0,0
1415219129.07112,pg_catalog,pg_shdepend,0,0,722,151,0,0,0,0,0,0,64,87,255,739,,,,
1415219129.07112,pg_catalog,pg_conversion,0,0,0,0,0,0,0,0,0,0,0,0,0,0,,,,
1415219129.07112,pg_catalog,pg_foreign_data_wrapper,0,0,0,0,0,0,0,0,0,0,0,0,0,0,,,,
1415219129.07112,pg_catalog,pg_opfamily,0,0,0,0,0,0,0,0,0,0,0,0,0,0,,,,
1415219129.07112,pg_catalog,pg_shdescription,0,0,0,0,0,0,0,0,0,0,0,0,0,0,0,0,0,0
1415219129.07112,pg_catalog,pg_tablespace,2,4,3337,3337,0,0,0,0,0,0,22,3317,44,6630,,,,
1415219129.07112,pg_catalog,pg_inherits,0,0,130,0,0,0,0,0,0,0,0,0,65,65,,,,
1415219129.07112,public,supplier,13,700000,3310587,3384525,100000,0,0,0,100000,0,10864,3331333,760,6638623,,,,
1415219129.07112,pg_toast,pg_toast_2606,0,0,0,0,0,0,0,0,0,0,0,0,0,0,,,,
1415219129.07112,pg_toast,pg_toast_2964,0,0,0,0,0,0,0,0,0,0,0,0,0,0,,,,
1415219129.07112,pg_catalog,pg_database,430,1651,16626,16624,1,0,0,0,1,0,5,17050,68,26307,,,,
1415219129.07112,pg_toast,pg_toast_2620,0,0,0,0,0,0,0,0,0,0,0,0,0,0,,,,
1415219129.07112,information_schema,sql_sizing,0,0,,,0,0,0,0,0,0,0,0,,,0,0,0,0
1415219129.07112,pg_catalog,pg_amproc,68,136,20033,29789,0,0,0,0,0,0,59,19589,51,44745,,,,
1415219129.07112,pg_catalog,pg_collation,0,0,0,0,0,0,0,0,0,0,0,0,0,0,,,,
1415219129.07112,pg_catalog,pg_constraint,0,0,40,16,24,0,16,0,8,16,13,116,24,224,0,0,0,0
1415219129.07112,pg_catalog,pg_range,0,0,1034,0,0,0,0,0,0,0,0,0,154,1914,,,,
1415219129.07112,pg_toast,pg_toast_11600,0,0,0,0,0,0,0,0,0,0,0,0,0,0,,,,
1415219129.07112,pg_toast,pg_toast_11590,0,0,0,0,0,0,0,0,0,0,0,0,0,0,,,,
1415219129.07112,public,region,6245,31200,16,16,5,0,0,0,5,0,4,6254,8,14,,,,
1415219129.07112,information_schema,sql_implementation_info,0,0,,,0,0,0,0,0,0,0,0,,,0,0,0,0
1415219129.07112,pg_catalog,pg_user_mapping,0,0,0,0,0,0,0,0,0,0,0,0,0,0,,,,
1415219129.07112,pg_catalog,pg_largeobject,0,0,0,0,0,0,0,0,0,0,0,0,0,0,,,,
1415219129.07112,pg_catalog,pg_namespace,402,4456,17474,12879,10,0,0,0,10,0,34,13273,336,22314,,,,
1415219129.07112,information_schema,sql_parts,0,0,,,0,0,0,0,0,0,0,0,,,0,0,0,0
1415219129.07112,pg_catalog,pg_authid,161,161,9241,9241,0,0,0,0,0,0,19,9383,80,18402,,,,
1415219129.07112,pg_catalog,pg_index,802,76698,45719,66106,120,0,92,0,138,0,229,51075,100,53184,,,,
1415219129.07112,pg_catalog,pg_ts_dict,0,0,0,0,0,0,0,0,0,0,0,0,0,0,,,,
1415219129.07112,public,customer,12,13500000,77,1472927,1500000,0,0,0,1500000,0,181856,683796,4441,168,,,,
1415219129.07112,pg_catalog,pg_class,1936,418671,124361,116033,260,74,222,72,329,2,614,131877,191,211962,,,,
1415219129.07112,pg_toast,pg_toast_2396,0,0,0,0,0,0,0,0,0,0,0,0,0,0,,,,
1415219129.07112,pg_catalog,pg_enum,0,0,0,0,0,0,0,0,0,0,0,0,0,0,,,,
1415219129.07112,public,time_statistics,22,295,,,25,22,0,22,25,22,2,67,,,,,,
1415219129.07112,pg_catalog,pg_db_role_setting,0,0,14637,0,0,0,0,0,0,0,0,0,17,14620,0,0,0,0
1415219129.07112,pg_catalog,pg_seclabel,0,0,570,0,0,0,0,0,0,0,0,0,58,512,0,0,0,0
1415219129.07112,pg_toast,pg_toast_2609,0,0,0,0,0,0,0,0,0,0,0,0,0,0,,,,
1415219129.07112,pg_toast,pg_toast_1255,0,0,0,0,0,0,0,0,0,0,0,0,0,0,,,,
1415219129.07112,pg_catalog,pg_rewrite,0,0,1434,1212,74,0,74,0,108,2,577,1136,263,2181,368,629,124,742
1415219129.07112,pg_catalog,pg_ts_config,0,0,0,0,0,0,0,0,0,0,0,0,0,0,,,,
1415219129.07112,pg_catalog,pg_extension,0,0,0,0,0,0,0,0,0,0,0,0,0,0,,,,
1415219129.07112,pg_catalog,pg_amop,0,0,40320,58417,0,0,0,0,0,0,75,58342,260,85922,,,,
1415219129.07112,pg_catalog,pg_cast,0,0,145218,36164,0,0,0,0,0,0,57,36107,36,149623,,,,
1415219129.07112,public,lineitem,25,1020239820,841102,71572113,60045669,0,0,0,60045448,0,18227256,12380253,503153,4480393,,,,
1415219129.07112,pg_toast,pg_toast_2619,0,0,17872,59753,876,0,625,0,267,12,4646,24221,73,21006,,,,
1415219129.07112,pg_toast,pg_toast_11610,0,0,0,0,0,0,0,0,0,0,0,0,0,0,,,,
1415219129.07112,pg_toast,pg_toast_2604,0,0,0,0,0,0,0,0,0,0,0,0,0,0,,,,
1415219189.07811,pg_catalog,pg_auth_members,0,0,0,0,0,0,0,0,0,0,0,0,0,0,,,,
1415219189.07811,pg_catalog,pg_operator,0,0,34556,171244,0,0,0,0,0,0,410,120838,372,75573,,,,
1415219189.07811,pg_catalog,pg_aggregate,0,0,2360,2360,0,0,0,0,0,0,59,2301,151,3977,,,,
1415219189.07811,pg_catalog,pg_pltemplate,0,0,0,0,0,0,0,0,0,0,0,0,0,0,,,,
1415219189.07811,pg_toast,pg_toast_11615,0,0,0,0,0,0,0,0,0,0,0,0,0,0,,,,
1415219189.07811,pg_catalog,pg_description,0,0,570,0,0,0,0,0,0,0,0,0,181,1089,0,0,0,0
1415219189.07811,pg_catalog,pg_language,0,0,0,0,0,0,0,0,0,0,0,0,0,0,,,,
1415219189.07811,pg_catalog,pg_ts_parser,0,0,0,0,0,0,0,0,0,0,0,0,0,0,,,,
1415219189.07811,pg_catalog,pg_shseclabel,0,0,0,0,0,0,0,0,0,0,0,0,0,0,,,,
1415219189.07811,pg_catalog,pg_foreign_table,0,0,0,0,0,0,0,0,0,0,0,0,0,0,,,,
1415219189.07811,pg_toast,pg_toast_11620,0,0,0,0,0,0,0,0,0,0,0,0,0,0,,,,
1415219189.07811,pg_catalog,pg_attrdef,0,0,0,0,0,0,0,0,0,0,0,0,0,0,0,0,0,0
1415219189.07811,pg_catalog,pg_ts_template,0,0,0,0,0,0,0,0,0,0,0,0,0,0,,,,
1415219189.07811,pg_catalog,pg_foreign_server,0,0,0,0,0,0,0,0,0,0,0,0,0,0,,,,
1415219189.07811,pg_catalog,pg_default_acl,0,0,560,0,0,0,0,0,0,0,0,0,59,501,,,,
1415219189.07811,pg_toast,pg_toast_11595,0,0,0,0,0,0,0,0,0,0,0,0,0,0,,,,
1415219189.07811,information_schema,sql_packages,0,0,,,0,0,0,0,0,0,0,0,,,0,0,0,0
1415219189.07811,public,part,12,18000000,77,2346014,2000000,0,0,0,2000000,0,182369,450083,7752,713,,,,
1415219189.07811,public,nation,18,250,3310592,3310640,25,0,0,0,25,0,4,3310600,9,3310601,,,,
1415219189.07811,pg_catalog,pg_attribute,374,2482,96312,212055,970,30,792,16,2425,328,1607,106827,489,201220,,,,
1415219189.07811,public,orders,16,150090000,4744612,12726453,15015000,0,0,0,15015000,0,1813602,7479327,106942,14310147,,,,
1415219189.07811,pg_catalog,pg_statistic,0,0,25704,24386,231,572,168,341,447,88,1478,24933,182,55588,4649,24249,73,21036
1415219189.07811,pg_toast,pg_toast_2618,0,0,576,1868,0,0,0,0,0,0,368,636,124,748,,,,
1415219189.07811,pg_toast,pg_toast_3596,0,0,0,0,0,0,0,0,0,0,0,0,0,0,,,,
1415219189.07811,information_schema,sql_features,0,0,,,0,0,0,0,0,0,0,0,,,0,0,0,0
1415219189.07811,pg_catalog,pg_depend,0,0,5676,6072,1080,0,990,0,6294,991,794,6838,1413,14799,,,,
1415219189.07811,public,partsupp,5,32000000,55827,10343765,8000000,0,0,0,8000000,0,827056,3314939,42104,153962,,,,
1415219189.07811,pg_toast,pg_toast_11605,0,0,0,0,0,0,0,0,0,0,0,0,0,0,,,,
1415219189.07811,pg_catalog,pg_opclass,68,68,27268,294544,0,0,0,0,0,0,39,104706,147,33882,,,,
1415219189.07811,pg_catalog,pg_proc,0,0,41977,62093,0,0,0,0,0,0,2680,44017,996,92698,0,0,0,0
1415219189.07811,pg_catalog,pg_trigger,0,0,0,0,0,0,0,0,0,0,0,0,0,0,0,0,0,0
1415219189.07811,information_schema,sql_languages,0,0,,,0,0,0,0,0,0,0,0,,,0,0,0,0
1415219189.07811,pg_catalog,pg_am,4862,4862,0,0,0,0,0,0,0,0,17,4845,0,0,,,,
1415219189.07811,pg_catalog,pg_largeobject_metadata,0,0,0,0,0,0,0,0,0,0,0,0,0,0,,,,
1415219189.07811,pg_catalog,pg_ts_config_map,0,0,0,0,0,0,0,0,0,0,0,0,0,0,,,,
1415219189.07811,pg_catalog,pg_type,0,0,104120,103096,277,0,258,0,349,4,408,103782,665,193386,,,,
1415219189.07811,information_schema,sql_sizing_profiles,0,0,,,0,0,0,0,0,0,0,0,,,0,0,0,0
1415219189.07811,pg_catalog,pg_shdepend,0,0,722,151,0,0,0,0,0,0,64,87,255,739,,,,
1415219189.07811,pg_catalog,pg_conversion,0,0,0,0,0,0,0,0,0,0,0,0,0,0,,,,
1415219189.07811,pg_catalog,pg_foreign_data_wrapper,0,0,0,0,0,0,0,0,0,0,0,0,0,0,,,,
1415219189.07811,pg_catalog,pg_opfamily,0,0,0,0,0,0,0,0,0,0,0,0,0,0,,,,
1415219189.07811,pg_catalog,pg_shdescription,0,0,0,0,0,0,0,0,0,0,0,0,0,0,0,0,0,0
1415219189.07811,pg_catalog,pg_tablespace,2,4,3347,3347,0,0,0,0,0,0,22,3327,44,6650,,,,
1415219189.07811,pg_catalog,pg_inherits,0,0,130,0,0,0,0,0,0,0,0,0,65,65,,,,
1415219189.07811,public,supplier,14,800000,3310591,3384529,100000,0,0,0,100000,0,10864,3333516,760,6638632,,,,
1415219189.07811,pg_toast,pg_toast_2606,0,0,0,0,0,0,0,0,0,0,0,0,0,0,,,,
1415219189.07811,pg_toast,pg_toast_2964,0,0,0,0,0,0,0,0,0,0,0,0,0,0,,,,
1415219189.07811,pg_catalog,pg_database,433,1663,16678,16676,1,0,0,0,1,0,5,17105,68,26385,,,,
1415219189.07811,pg_toast,pg_toast_2620,0,0,0,0,0,0,0,0,0,0,0,0,0,0,,,,
1415219189.07811,information_schema,sql_sizing,0,0,,,0,0,0,0,0,0,0,0,,,0,0,0,0
1415219189.07811,pg_catalog,pg_amproc,68,136,20075,29850,0,0,0,0,0,0,59,19629,51,44841,,,,
1415219189.07811,pg_catalog,pg_collation,0,0,0,0,0,0,0,0,0,0,0,0,0,0,,,,
1415219189.07811,pg_catalog,pg_constraint,0,0,40,16,24,0,16,0,8,16,13,116,24,224,0,0,0,0
1415219189.07811,pg_catalog,pg_range,0,0,1036,0,0,0,0,0,0,0,0,0,156,1916,,,,
1415219189.07811,pg_toast,pg_toast_11600,0,0,0,0,0,0,0,0,0,0,0,0,0,0,,,,
1415219189.07811,pg_toast,pg_toast_11590,0,0,0,0,0,0,0,0,0,0,0,0,0,0,,,,
1415219189.07811,public,region,6245,31200,16,16,5,0,0,0,5,0,4,6254,8,14,,,,
1415219189.07811,information_schema,sql_implementation_info,0,0,,,0,0,0,0,0,0,0,0,,,0,0,0,0
1415219189.07811,pg_catalog,pg_user_mapping,0,0,0,0,0,0,0,0,0,0,0,0,0,0,,,,
1415219189.07811,pg_catalog,pg_largeobject,0,0,0,0,0,0,0,0,0,0,0,0,0,0,,,,
1415219189.07811,pg_catalog,pg_namespace,404,4488,17648,13041,10,0,0,0,10,0,34,13437,336,22501,,,,
1415219189.07811,information_schema,sql_parts,0,0,,,0,0,0,0,0,0,0,0,,,0,0,0,0
1415219189.07811,pg_catalog,pg_authid,163,163,9263,9263,0,0,0,0,0,0,19,9407,80,18446,,,,
1415219189.07811,pg_catalog,pg_index,806,77250,45804,66227,120,0,92,0,138,0,229,51200,100,53289,,,,
1415219189.07811,pg_catalog,pg_ts_dict,0,0,0,0,0,0,0,0,0,0,0,0,0,0,,,,
1415219189.07811,public,customer,12,13500000,83,1592828,1500000,0,0,0,1500000,0,181859,741951,4606,351,,,,
1415219189.07811,pg_catalog,pg_class,1947,421688,124799,116460,260,74,222,72,329,2,614,132393,191,212863,,,,
1415219189.07811,pg_toast,pg_toast_2396,0,0,0,0,0,0,0,0,0,0,0,0,0,0,,,,
1415219189.07811,pg_catalog,pg_enum,0,0,0,0,0,0,0,0,0,0,0,0,0,0,,,,
1415219189.07811,public,time_statistics,24,346,,,27,24,0,24,27,24,2,73,,,,,,
1415219189.07811,pg_catalog,pg_db_role_setting,0,0,14676,0,0,0,0,0,0,0,0,0,17,14659,0,0,0,0
1415219189.07811,pg_catalog,pg_seclabel,0,0,570,0,0,0,0,0,0,0,0,0,58,512,0,0,0,0
1415219189.07811,pg_toast,pg_toast_2609,0,0,0,0,0,0,0,0,0,0,0,0,0,0,,,,
1415219189.07811,pg_toast,pg_toast_1255,0,0,0,0,0,0,0,0,0,0,0,0,0,0,,,,
1415219189.07811,pg_catalog,pg_rewrite,0,0,1442,1220,74,0,74,0,108,2,579,1142,263,2195,368,636,124,748
1415219189.07811,pg_catalog,pg_ts_config,0,0,0,0,0,0,0,0,0,0,0,0,0,0,,,,
1415219189.07811,pg_catalog,pg_extension,0,0,0,0,0,0,0,0,0,0,0,0,0,0,,,,
1415219189.07811,pg_catalog,pg_amop,0,0,40399,58529,0,0,0,0,0,0,75,58454,260,86096,,,,
1415219189.07811,pg_catalog,pg_cast,0,0,145436,36226,0,0,0,0,0,0,57,36169,36,149853,,,,
1415219189.07811,public,lineitem,25,1020239820,841110,97017772,60045669,0,0,0,60045448,0,20330577,12421110,572654,4480418,,,,
1415219189.07811,pg_toast,pg_toast_2619,0,0,17897,59825,876,0,625,0,267,12,4649,24249,73,21036,,,,
1415219189.07811,pg_toast,pg_toast_11610,0,0,0,0,0,0,0,0,0,0,0,0,0,0,,,,
1415219189.07811,pg_toast,pg_toast_2604,0,0,0,0,0,0,0,0,0,0,0,0,0,0,,,,
